video_ID,event,frame0,frame1,frame2,frame3,frame4,frame5
-5VIQPJ8YOA,birthday,190,950,1900,3990,5700,6460
"""-OMFa5uJuDk""",birthday,0,835,2171,2505,3340,4843
16IndzFp8HQ,birthday,0,6391,7304,22825,27390,31042
19yKVDPGNv0,birthday,0,288,432,1440,3888,4320
2DFAQAGZEAs,birthday,840,2184,3360,3696,4368,5376
2q0s_YRLAps,birthday,4878,7317,13008,13821,19512,26829
3l0XYe5kjs4,birthday,5046,11774,17661,21025,23548,24389
46aBbmgwhi8,birthday,0,805,966,2576,3059,4669
4z4FuYhnakQ,birthday,912,1254,1596,1824,3192,3990
5NyDtpFnEHA,birthday,2968,5088,7208,7632,9752,13568
5zpgg8lQchg,birthday,0,255,850,1700,2295,2635
6fdzHKRMn6Q,birthday,192,816,912,1248,1584,1680
6VC9ci9TnHE,birthday,89,267,534,2136,2403,3115
7d8gP_PZMjc,birthday,16,32,88,176,224,264
7wgDnx9iQfY,birthday,735,1680,2520,2940,3045,3675
8OsoUWsNHiQ,birthday,0,2396,4193,4792,10782,17371
9XG1AtbVPt4,birthday,27,63,99,144,243,288
a4XhrObLzkM,birthday,1855,5565,8162,10017,11130,12985
b9fnQSJOXDA,birthday,217,1302,2387,4991,6727,7595
cBr1FeeNtFg,birthday,0,16653,25620,26901,33306,38430
cNtI9QczpnA,birthday,984,2132,3280,4100,4920,5740
CTogUTHyO9M,birthday,726,968,1331,2178,3025,3388
D9EjcfgEaNo,birthday,0,5024,8164,11304,17584,21352
DeQc9JcUhMA,birthday,648,2754,3888,4536,5022,5670
DoS4Y-KGezU,birthday,4230,5640,9400,13160,15040,15980
DVA0Np9bIO4,birthday,1269,1551,2397,2679,3525,3948
DwxxLHvp1ho,birthday,576,2304,5184,5952,6336,6528
eISbZutaed8,birthday,278,1668,2641,3336,4587,4726
eMlspUkrUp4,birthday,82,164,902,1476,2214,2788
eqhAaAOrw6I,birthday,129,645,903,3612,4128,4515
ERna-mPqw8M,birthday,8,64,112,120,208,224
eYGGZV-JqvI,birthday,636,1590,1908,2756,3074,3604
FexAG0oxtDw,birthday,102,238,306,357,510,595
fgLxUND-dvQ,birthday,0,393,917,1048,1572,3406
fsucWkxGVE4,birthday,513,2565,6156,9234,12312,17955
fwpYnUDbusw,birthday,0,1749,7579,9328,11660,12826
fxzxifJEE_8,birthday,22,110,165,242,363,385
fzguPxHw7FQ,birthday,231,3003,4851,6468,6930,7854
G7Qs8ewt8B4,birthday,0,400,1800,2800,4200,6200
gAm5bIhCD2M,birthday,428,1391,1819,2782,3638,3745
gdcWcsQ_l_U,birthday,750,1200,2700,3300,4050,4950
gl_ulT-BbLw,birthday,12025,19425,22200,23125,30525,33300
gNlCq00gItY,birthday,1092,2366,3822,4368,6006,6370
GUXGq5NlBOQ,birthday,2198,2669,3454,4710,5338,5495
GXZK7aGNpUw,birthday,0,159,318,2385,2862,5088
H0IGc2sVXDg,birthday,0,1731,7501,8655,17887,19618
HpLQCPkGLhs,birthday,585,1872,2223,3042,3627,4095
HzediMWGPVA,birthday,294,546,588,756,1050,1260
I67SHQ1R3A4,birthday,564,752,1128,1974,2162,2538
IEkJeqNZIPg,birthday,0,1048,1572,2096,3668,3930
IyfYiG2CqQU,birthday,1710,3420,4560,5700,6270,6650
jDCKra5YpGw,birthday,120,168,264,552,816,840
JnIJDNoHBic,birthday,70,130,160,200,270,350
jUjRJZiM7co,birthday,494,1976,4940,9386,14326,17784
kYwosJwNBvU,birthday,50,200,700,1350,1500,1750
LKYioW0-ytk,birthday,532,2660,3724,13300,15960,17556
m5iiLbFi5bw,birthday,1071,2142,2448,3213,4284,5355
MDe4j6v37yI,birthday,55,110,198,220,297,308
me4Nj_Hs0B8,birthday,0,1617,2793,2940,4704,5145
mNJLJ57O9Nw,birthday,0,1170,1755,1989,2691,3276
MuAn0Vv8AmM,birthday,72,168,228,276,312,396
N9qGMlqGgkc,birthday,96,132,252,312,372,444
nmcODQxmSbY,birthday,0,360,1200,1920,3000,3600
NpeCTFDelhM,birthday,0,774,1376,2408,2752,2838
nS-NuGbrDK4,birthday,2212,2765,3871,8848,12719,16590
NWvTOHoShYk,birthday,2590,3885,12950,25900,40145,42735
n_rO8jUHPw0,birthday,417,1668,5838,7923,10842,12093
O5knGGSprLE,birthday,0,2600,5200,7475,8775,9100
P9nJQKQAB84,birthday,110,1100,1430,1650,2640,3850
PgRFFd8DU1o,birthday,0,168,216,288,324,384
pHCq103iCsE,birthday,0,196,1176,3332,4704,6272
pU_76J8_u6o,birthday,38,532,684,988,1216,1330
pWtPYe1YZcU,birthday,0,394,1970,4728,8668,10638
q0TFVhyIUs0,birthday,176,264,440,616,748,1540
qdb8j6yWD3o,birthday,0,524,5240,6288,10480,18340
qgLWnZ68Mts,birthday,0,508,1270,2032,4572,7620
qJXiDv0eHH8,birthday,39,130,182,286,338,377
qwob1JFTpjk,birthday,0,1740,2320,2900,3248,3944
rHv2A-ChlJ4,birthday,121,484,847,1210,1815,3267
RU_5yoouvps,birthday,0,1248,1344,1440,2304,2880
sctiZr9kAzM,birthday,40,160,360,840,1080,1360
skSCOLlqR3s,birthday,405,540,810,1350,2295,3780
SNX7Ws0rS68,birthday,25,100,125,300,375,800
SuyfunaqqwM,birthday,432,1404,2160,2484,3672,3780
TlEg0JvIjfU,birthday,162,324,864,972,1080,1674
TXfD3h3IIWs,birthday,186,2046,2976,4278,5022,5580
tZZjkTLw058,birthday,179,716,1611,3222,3759,4833
UthMzlClPLI,birthday,266,1330,2394,3325,3857,4389
uZHSaQvrgQ8,birthday,0,182,1820,2548,4004,5278
VGvCG7x-FDU,birthday,352,1056,4048,4752,5104,5632
VUURavorrXw,birthday,12,84,120,300,360,444
WBU6k-_Ynws,birthday,392,1029,1078,1176,1274,1421
_amwPjAcoC8,birthday,0,2947,7999,10946,12209,12630
_UkzUg-UIHQ,birthday,19,114,228,437,513,627
FtnGrI4k2v4,birthday,16,52,154,311,478,564
pToybUkIB5w,birthday,46,418,1154,1475,1521,1614
rNdaDNFudPc,birthday,123,159,235,381,434,539
uZOD9H7BTwQ,birthday,24,121,571,595,688,782
VmL0A3qUAwU,birthday,71,433,891,1033,1107,1250
wk_BO7fxu88,birthday,1593,472,1180,885,590,0
14mRmD8zHOk,covid-test,784,0,1085,2231,2442,2774
18XfULPlXwM,covid-test,50,100,200,225,600,825
5Q6DH4uWL8g,covid-test,1000,2400,2800,4000,4200,5200
8B31Bs6Sf1Y,covid-test,95,1330,1805,2185,2945,3135
9l1TY443Lxk,covid-test,158,1106,1264,1896,2449,2686
A3cTpxIyW9Q,covid-test,768,1152,2304,6912,8448,11520
CntlI6WK98M,covid-test,90,450,990,1080,1440,2340
0pY4eAKFs5s,covid-test,1026,1482,1938,2280,3420,3990
3kY05O13FXc,covid-test,204,816,952,1360,2176,2244
5j33uNevAKw,covid-test,318,848,1590,2756,2862,3180
7oQKaOzzXyc,covid-test,544,816,1020,1496,1836,2312
9tsujxIvqw4,covid-test,207,345,690,1035,2139,2415
9WayjX6vCdk,covid-test,445,1513,1691,2492,2848,3026
AAFG_UAyTt0,covid-test,303,707,1010,1313,2020,2727
aoz22H-Kii8,covid-test,460,920,1104,2484,2852,3036
BoHNtTQGnsU,covid-test,162,648,891,1539,1944,2187
CbX_cJxEsG8,covid-test,350,400,600,800,950,1600
ChnkhihFLrI,covid-test,339,791,2373,2825,3729,4068
DEiapWRTPIU,covid-test,0,606,1818,2525,2828,3232
DSrWjVyxEeg,covid-test,70,350,1400,2100,2380,2450
ec0gle7LF3A,covid-test,270,630,900,1170,2610,3150
gtYImU6ELks,covid-test,0,1770,2242,3186,3540,4012
HJsKFGUE-Ak,covid-test,0,1176,2205,4410,5145,5292
HkWGjt1p9-0,covid-test,366,732,1342,2196,2806,3660
HLIcL6FZ_8M,covid-test,89,267,623,1335,2314,2937
IV4fpTCAUUM,covid-test,244,549,793,976,1647,2135
KIShK9Z4lWQ,covid-test,980,2240,3220,4200,4620,5040
kZhSPnnXyPo,covid-test,327,1308,1744,2616,3270,3597
M59JDLlmFWY,covid-test,96,528,960,1152,1248,1536
mSbitxEwU2M,covid-test,74,740,1480,2220,2294,2590
ndMrEMyRgQM,covid-test,336,756,840,1848,2268,2940
Ns4Ml5sPGSo,covid-test,0,298,894,2086,3576,4768
NYDqFK_W9E8,covid-test,420,1176,1848,2268,2436,2856
nZ5ARMIiQ4A,covid-test,693,990,1485,1683,1782,2673
O5ZKB0ydOKI,covid-test,220,605,880,1210,1705,1870
PrgcDEeBXR0,covid-test,504,945,1449,1827,2205,2268
qbymNdqQPT0,covid-test,54,432,756,1188,1674,1782
RQxxYJmF0cw,covid-test,575,1380,2530,2990,3680,4025
rUm7a8ZeW2M,covid-test,255,765,1020,1615,2805,2975
s4Y0ClU3Uzw,covid-test,1040,1560,1820,3120,3640,4290
SEEYEDMug8E,covid-test,0,600,1200,2400,2880,3480
Sua1ZBH68TQ,covid-test,136,408,1020,1836,2040,2176
TdIsTLg7RQM,covid-test,768,1440,1728,2208,2688,3456
tfnWnHm8JxU,covid-test,1521,2340,2457,2808,3393,3978
tsvBO_xYczA,covid-test,1408,1920,2304,3456,3840,4608
vw93loAxYW0,covid-test,528,1144,1760,2112,2816,3080
WE1nyRvWoAs,covid-test,1547,1904,2142,2618,3451,3808
WZHrn2zMU7w,covid-test,648,756,1836,3024,3132,3564
YhObzWgsCes,covid-test,624,832,1144,2600,2704,3536
ZvqjkbD-moA,covid-test,0,981,1308,1635,2071,3815
_1N8kv4oDBY,covid-test,180,720,1080,1260,2070,3150
GDVRB__lueM,covid-test,250,2250,3500,6500,8250,8750
i0pGGmxjKn8,covid-test,285,1330,1805,2185,2470,3230
"""-lcdWy3VPOs""",covid-test,648,1188,1512,2916,3564,3888
0r5BwwfDoAA,covid-test,282,940,1504,1786,2444,3290
4zIOKH-Ys90,covid-test,230,690,2530,2645,2990,3795
8Sk_0QFyIbQ,covid-test,126,630,882,2016,2898,3402
90sFqfDFDt4,covid-test,333,1554,1998,2664,3219,3774
aPD0k3mpHlU,covid-test,492,1107,2214,2952,3690,4428
b7cQtukWTF0,covid-test,282,1222,1598,2162,2444,2726
bgiIyhqKDIE,covid-test,190,1045,1235,1805,1995,2185
DqGfJxi-IVk,covid-test,208,520,676,1092,1456,1820
ePj9goxLUVc,covid-test,304,608,988,1672,2432,2660
FUqyqcSbk9k,covid-test,116,348,754,1102,1508,1624
FxAD8xt0WiM,covid-test,244,1220,1464,2318,2806,4392
Hdjm5SEBl8A,covid-test,97,485,2231,2619,3007,3492
hDma7N2a3m4,covid-test,282,1128,1833,2961,3807,4794
Iu5Zn5dF50M,covid-test,77,1078,1386,1540,2310,2618
Kk3TM-AtRcM,covid-test,84,672,1344,1428,1764,2772
LCW07ojT-Ak,covid-test,258,688,1376,1806,2236,2494
MEiGp8pIuXM,covid-test,104,624,2080,2704,3536,3640
n0-ZA-bUF_o,covid-test,107,856,1498,2568,3210,3852
nfV3pWn3rIA,covid-test,261,783,957,1392,1653,2436
nGbf84wW3-M,covid-test,292,1168,1606,2190,2628,4818
nnqZqPuPQ7E,covid-test,380,950,1425,1900,2660,2755
o9IYeMJG6rc,covid-test,0,1023,1860,2325,2604,2883
oh0gHw8JCRk,covid-test,208,624,1768,2808,3328,3744
olqe6KS5FmM,covid-test,100,1500,1800,2000,2700,3600
RvGDhjkZ_Gg,covid-test,212,1113,1378,1537,1749,1855
Sc3GnZFDstw,covid-test,420,1050,1575,1995,3045,3255
tB3ScSis4ZI,covid-test,321,749,1284,2568,3103,3317
U1mlCwQkNsE,covid-test,119,952,2618,2975,3689,3808
U4c8adLgEd0,covid-test,105,630,945,1155,2205,2835
utcuUvRYxfI,covid-test,206,515,927,1854,2266,3502
vl4qPtARm2E,covid-test,387,1806,2193,3741,4128,4644
wI5APoy7LWU,covid-test,384,960,1344,1920,2496,3264
xhXThd33-cM,covid-test,141,705,1269,1974,2256,4935
zEpMdFokZqo,covid-test,268,938,1139,1675,2010,2278
kqvBhZC4NA4,covid-test,120,1440,2040,3480,1560,3960
mHuiYAPoEw0,covid-test,162,324,918,1188,1674,1836
OaH0OKFMTSs,covid-test,2196,3416,5124,7076,7320,8540
OIQsG5vU69M,covid-test,2172,3982,7602,7964,11946,13032
oP920gG6AP0,covid-test,162,324,810,1053,2673,2916
PmhCMPTPosQ,covid-test,0,298,596,2682,2980,3278
rbLsB7GCzLo,covid-test,923,1278,1633,1988,2272,2414
7vreqVv6smM,covid-test,1720,688,3010,1118,86,516
DXag_jroszk,covid-test,2772,660,1188,1848,1980,3564
pmSVb0OuQ7M,covid-test,711,553,1738,2607,1185,1896
_nsFS1b_E-E,covid-test,364,504,280,196,70,14
V2nbuhFlRxs,covid-test,935,5236,5610,3366,2805,374
1k82UxKcvys,parade,275,550,605,1045,1650,1980
2-zWs78oRGo,parade,87,348,870,1479,1827,2610
3CtSJ2k_Yhs,parade,549,793,854,1220,1403,2135
4kP1nmIkzWI,parade,894,1639,1788,4619,5066,5364
5-vcZaTBQpU,parade,98,686,882,1568,2450,3430
8WppjCvBOTY,parade,415,581,1660,2075,2739,2822
AcgxZK8pMJI,parade,212,742,848,1484,1590,2862
C7fISHGDE3E,parade,219,584,1460,1679,1971,2044
CFI0jv1uJYA,parade,196,490,882,1568,2156,3430
cGyJxCkFlYs,parade,610,1342,1952,3050,3782,4026
CIHbQM-ZGZo,parade,208,1144,1456,1872,2704,3016
itzyGIBhtbU,parade,448,840,1232,1680,1848,2016
oUeo3ny7QLY,parade,89,801,1335,1691,2136,2848
oyLgn0pgvGs,parade,160,800,1200,1520,2160,2560
tS3U1j-YFLw,parade,282,705,1175,1363,1504,1598
UM4oYR0bNNU,parade,0,264,396,748,1012,1540
wjgtyMM2MYs,parade,750,900,1275,1650,2175,2700
WYF7OP9wBiU,parade,121,1331,2420,2662,2904,4114
yETzf3GqEbs,parade,206,412,618,2060,2472,2575
yFHY9bLtDaQ,parade,648,1296,1836,1944,3240,3672
ygOY3PDSpfM,parade,216,720,864,1512,1584,2016
YWcPcm7tgIw,parade,150,400,550,900,1150,1600
zUvZU-S1EK8,parade,434,744,1302,1550,2108,2232
_BDu7nMMEsw,parade,260,390,910,1755,2080,2275
"""-jmFL0i8_ZU""",parade,450,1050,1425,2025,2175,2625
0ryUbNQb5cM,parade,152,456,836,1748,2128,2736
1q82twrdr0U,parade,658,1410,2068,2444,2914,3290
2cvgJmpTU-k,parade,196,490,980,1470,1568,1617
3mL4CnR3hAM,parade,759,1173,1380,1725,2070,2139
3oZFl23fHpc,parade,0,707,1313,1919,3131,3333
3Yp66BMBRiY,parade,436,763,1853,2507,2943,3597
AEGd3eft49s,parade,114,1140,2850,3078,3306,3534
aog7QyCMC0I,parade,873,2134,2328,2522,3007,3104
BO5ZTrZ2dIk,parade,106,954,1590,2120,3074,3392
bY4CvDZ3nzI,parade,1414,1515,1919,2323,2525,2727
ChCwZneRKPo,parade,190,665,950,1425,1805,2090
cQXS6yWuyWw,parade,455,845,1170,1365,1755,2210
CxA9FYvDUxY,parade,174,580,1102,1334,1682,1972
DmTC0m7wQbs,parade,1026,1368,1824,2166,2736,3762
dpxEqdiuH9M,parade,96,576,1344,1632,2304,2496
DqN9m_dWUkU,parade,231,770,1386,2079,2387,2695
eC6bzBTmmhU,parade,0,732,2196,2440,2684,2928
Eh85crGtQMg,parade,298,1192,2831,3129,3427,4172
EKw89q9zA9E,parade,0,840,1575,2835,2940,3780
EpjD9mgeEfA,parade,166,415,1411,1909,2490,2988
eYWFkMZhvEo,parade,166,415,1245,1577,2573,2822
fNu-RiZEhqk,parade,0,1048,2096,3013,4061,4716
i9Y6mLjjT-4,parade,237,948,1106,1422,1738,2449
lumus1QxrPY,parade,110,440,1100,1430,1705,1925
LyPzt5BhIEU,parade,0,510,816,1122,2550,3366
MFE_P_eVKZI,parade,142,426,852,994,1420,1917
Mvz1Eva2TPU,parade,67,469,670,1072,1675,1943
NOGQ3tzoXE8,parade,495,1584,1980,2475,3366,3465
nUJVF25soJA,parade,83,415,1245,1411,2324,2656
NUoY6aBmKNY,parade,424,1696,2332,2544,3286,3710
pLaAp_O1eFo,parade,204,1428,2040,2346,2448,3060
pOCLZsJLu00,parade,141,1974,2538,2820,3243,4089
QbC6dLG_dQY,parade,102,816,969,1377,1530,1734
QELVDv9vhIE,parade,69,759,1449,1725,2139,2346
rIcQ4Knm0Ks,parade,440,1320,1430,2860,3300,3850
RjyFJj1K9gU,parade,400,640,1200,1760,1920,2640
s10ko_TdA_8,parade,162,1539,2025,2106,2592,2835
s7wWKYGtO6U,parade,224,1456,2016,2464,2800,3360
UXEKw2QFUa4,parade,256,1024,2304,2560,3584,4480
WQr71I7FIWc,parade,0,350,630,1190,1680,1820
x9l_yFj3F6U,parade,154,308,616,693,1309,1771
XhkSoXQj9T8,parade,50,500,1150,1350,1600,1700
XwGJJR07cp4,parade,0,762,1270,2921,3683,4318
yKOfh_rc7HY,parade,384,960,1248,1536,3264,3360
-7J0wfZsCQY,parade,201,603,804,1072,1206,2345
15XltaZQHxg,parade,0,321,1284,2033,2996,3531
4Wyo39OKhmY,parade,172,301,559,1032,1333,1505
8dIiMZGIU74,parade,42,672,840,966,1092,1302
aPhF_x7SSCw,parade,819,1404,1872,2106,2574,3159
czSY4a151DQ,parade,153,510,969,1224,1326,1683
DQBstimVS84,parade,588,1078,1666,1960,2646,2744
HxN7EVI6nkI,parade,220,495,550,825,1595,1815
IBywOMuSZcE,parade,0,868,1116,1426,1736,2108
JbnTcOHkHhw,parade,342,1368,1710,1824,3876,3990
lMnXogqaWf8,parade,396,858,924,1254,2178,2310
Mwq_a5R-iLY,parade,106,371,742,1060,1431,1696
pfHGzc3-9B0,parade,0,810,1755,2160,2295,3780
R9-GPHlze48,parade,560,770,980,1680,2170,2310
t9uDYv8y93g,parade,0,531,708,1239,1475,1947
uf6jIXtHQ8c,parade,0,204,748,1020,1428,2244
ujwTA68t3qI,parade,0,1302,1674,1767,2232,2604
W8dq1uH9V5o,parade,59,295,885,1239,1711,1829
ZKmoKvXeyBc,parade,0,520,910,1365,2080,2210
zMqfwJmtRKs,parade,1210,2057,3025,3630,3993,4356
_LQIh2dlrF0,parade,0,165,330,440,660,1925
0LHeijyKg50,parade,396,792,1683,2475,2772,3168
2cEU3YuEKak,parade,594,924,990,1452,1914,2244
2pp33MkzdFI,parade,188,940,1974,2162,2350,2726
6JIdatdtxC4,parade,0,539,924,1155,1694,1848
6rQAzqQO83E,parade,0,180,420,720,1080,1800
97tDHvp036s,parade,59,472,1003,1180,1357,1711
AAtnZ6mv38k,parade,142,710,923,1420,1846,2343
bM6Dy1O13GU,parade,73,292,511,876,1825,2555
cMyKA8oVgdQ,parade,1300,2210,2340,3510,3770,4680
_xP3lvK4i4g,parade,354,708,944,1475,1770,1829
"""-BCDM4i3Cho""",patient-test,132,924,1188,1848,2112,2244
0KmTzoa18XQ,patient-test,161,1127,1610,2898,3381,5152
0mzkqSEk-tw,patient-test,254,762,1270,2794,3937,4445
3rVj5ziqKUg,patient-test,0,452,678,1130,2938,4068
4gRjBTFH4mM,patient-test,175,350,455,630,805,1155
5TahRMklod8,patient-test,402,804,1608,2010,3216,4422
6P7zkVLbxWc,patient-test,290,464,928,1334,1508,2030
6x4ZgoAwyQo,patient-test,260,780,2080,3380,4290,4550
9_81OUez2bw,patient-test,65,143,208,273,312,351
PAfdeTlwa7s,patient-test,920,1840,2070,2530,2990,3680
bGElL___Dz0,patient-test,256,352,416,512,800,1088
BH3ZaaxgPuw,patient-test,0,156,624,1092,1664,1872
bUsRnkh7yk4,patient-test,0,800,1100,1200,1800,3000
R-ekIKPVPLU,patient-test,305,610,1037,1464,1891,2074
cIhak7--M8Q,patient-test,650,1040,1300,2080,2470,3900
cIuGwaBFX8I,patient-test,43,172,473,1032,1290,1419
ckwUrjccl1U,patient-test,159,636,1113,2067,4611,5088
co8sDzBuUqI,patient-test,948,1264,1738,4266,4424,5214
CtZpSbLwLUM,patient-test,125,1000,1875,2500,2750,4250
D12TDsfCzb4,patient-test,0,796,2587,2985,4975,6368
ddzVJ4T1qhs,patient-test,435,1305,1885,3190,4495,5075
dITPg8jZegc,patient-test,0,1800,1980,4140,4320,4860
DST89EJIPzI,patient-test,0,357,833,3094,3570,4165
DWyUaFsyd-g,patient-test,120,336,552,624,696,792
Dz5ZVxWit3w,patient-test,279,1023,1674,2697,3162,3348
e8UEl4J418M,patient-test,0,710,994,1278,1775,2485
ECJxSZXBBk8,patient-test,172,344,516,1032,2064,2924
Ed_AMtyvreU,patient-test,0,784,1176,1274,2646,2940
eFTcf7SovK4,patient-test,300,675,1050,1125,1650,2175
4mPI1ILo17w,patient-test,261,1044,1218,2001,2262,3045
kU3Euj7-xVM,patient-test,1116,2046,2232,2511,2697,3255
PeQhZpfuEx0,patient-test,106,636,1378,1802,2438,3074
79zs_gX2y5Q,patient-test,2856,4998,6426,6902,7854,8092
tD_2bLASas8,patient-test,0,206,1030,1442,1751,2266
N83_Oe-yJU8,patient-test,0,880,2090,2640,2860,3740
cIuGwaBFX8I,patient-test,43,86,172,473,1032,1290
uAotk8E_0tM,patient-test,86,774,946,1720,2150,2580
eVBD7TQLS-E,patient-test,0,360,2520,3000,3720,4200
f6HtqolhKqo,patient-test,0,810,1620,3105,4185,4725
Fj5R_U2TaPk,patient-test,584,1460,1752,2044,2774,4088
fmPTpwdHqa4,patient-test,0,1206,1608,2814,3216,4020
34W38Agu0jg,patient-test,21,231,378,462,525,693
yxiLs_lXrV4,patient-test,0,2610,6003,6525,6786,7308
f_uM1i53Y-s,patient-test,108,756,1080,1620,3564,3888
g5r3RI8AG84,patient-test,1314,2628,3212,4088,4234,4526
GSNZVaW1Wg4,patient-test,792,1224,1584,1728,1944,2592
GsUoTVAuTd8,patient-test,0,1615,1710,1995,2470,3135
h3FEXt25vUs,patient-test,382,573,1528,2865,3820,5157
eKjYQpKB0kY,patient-test,231,539,770,1386,1540,2618
hk1w3fcgka4,patient-test,805,1449,2415,2898,4508,5474
hzhZB3KtHRs,patient-test,700,1120,1190,1330,1890,2450
HzZQbKuX6d0,patient-test,0,110,880,1650,1760,1870
iEwqy3lzK0c,patient-test,205,287,451,861,1025,1435
IPL3RUr6-_I,patient-test,255,357,561,1020,1377,1530
ixVMVupntGQ,patient-test,362,2172,3258,3801,5973,6154
jJ7b9b9IhYE,patient-test,0,918,1224,1836,4437,5049
K4f8nTQ7o78,patient-test,315,1680,2730,2940,3045,3570
Khl8w2NqfaA,patient-test,365,949,1095,1460,2044,2263
KZ8uTcGCaBg,patient-test,125,2000,2750,3375,3750,4125
lkC9L_921Zg,patient-test,332,498,830,2490,4482,5644
lTJpZw5vErk,patient-test,770,1540,1694,2310,3542,4774
nxIRTWD7TLQ,patient-test,1830,2928,3416,3782,3904,4392
O6eKWQqgrU4,patient-test,763,1417,1635,2289,2725,3815
ordaVmrcAnc,patient-test,150,1050,1200,1875,2325,2475
p9Au7-MMtn0,patient-test,254,1778,2159,3429,3937,4318
q9VL2fveIiA,patient-test,140,245,385,595,980,1155
QWLZ0XCrM6g,patient-test,0,357,510,663,1581,1734
32mH4JNgoqo,patient-test,414,759,1035,1104,2070,2277
_jro05s_mKA,patient-test,120,300,540,780,1380,2040
s5WrWTo1O1s,patient-test,131,393,2358,2882,3930,4192
sngFr4acKms,patient-test,186,1674,4278,4650,5766,6138
SNnk2U-QxP0,patient-test,258,516,1161,2967,3741,4644
dvH6U6T6upA,patient-test,80,240,480,1680,2560,2720
kGMSx_dR2B0,patient-test,0,915,1098,2379,4026,5124
srIgJLN6cLc,patient-test,728,1040,1144,1456,2808,3640
srOAhwy9SUE,patient-test,638,1276,1624,1740,1914,2030
t2o2muQDs-I,patient-test,25,75,375,525,775,875
U2kpwWsmTZw,patient-test,135,270,675,2970,3510,4725
uTBa7TdrE9k,patient-test,220,550,660,1540,2860,3190
UXNhrcwCXjg,patient-test,635,889,1778,2540,3429,4572
V-dVYWmThX4,patient-test,0,549,2013,3111,5124,6039
WCC9YBymQvM,patient-test,489,2445,3912,4075,5053,5379
wNB5rC65qxU,patient-test,1144,1287,1716,2288,3289,4147
WTu8mlWjOP8,patient-test,49,343,490,637,882,1568
WvLmYgmawoo,patient-test,294,735,2205,2646,3381,4998
WwupKx1h46Y,patient-test,1188,2112,2508,2904,4356,4620
wzF5g66PgXg,patient-test,0,445,1424,2225,2403,2759
y5YwH7MHQuY,patient-test,936,1638,1989,2925,3978,4212
yF1_-fghWSs,patient-test,274,685,959,1233,2603,3836
yl3NaFXNipI,patient-test,147,1911,3675,3969,4410,5145
yMHf5LwE2jI,patient-test,770,880,1650,2750,3190,3740
_E4w1_WoqEc,patient-test,0,148,1332,2072,2220,3996
_n5aQixPJkg,patient-test,0,1040,1352,1872,2080,3328
_SnhR6gkBpQ,patient-test,1448,1629,3077,3801,4344,6335
_VOXeUDJf9I,patient-test,100,250,400,800,1450,1600
2Ag2adsLh3Y,patient-test,1564,2380,544,1156,816,2176
bqSt7wLxCDQ,patient-test,1748,2024,2392,184,460,2760
fdwI5AzTDQQ,patient-test,5320,4864,3648,4256,1520,3800
_KUmCNmpLeA,patient-test,2704,4901,0,3380,169,1352
dOkNrT6qqSU,patient-test,100,304,509,815,1015,1188
banner02,protest,380,1520,2090,3135,3325,3420
banner08,protest,114,456,874,1026,1254,1330
banner100,protest,188,1034,1410,1786,2726,3008
banner102,protest,0,810,1242,1782,1890,1944
banner103,protest,238,714,1428,2618,4760,4998
banner106,protest,1140,4940,6080,7220,11780,13680
banner107,protest,119,595,1428,2856,3213,3927
banner108,protest,138,483,690,1173,2415,2484
banner109,protest,1746,2910,4656,5238,7566,9021
banner111,protest,207,828,1311,2139,2277,2484
banner113,protest,0,1072,1541,2010,2144,2412
banner114,protest,0,238,833,1666,2023,4284
banner115,protest,175,315,595,735,980,1190
banner25,protest,84,420,714,798,1050,1512
banner26,protest,357,663,765,969,1326,1632
banner58,protest,480,640,896,1024,1088,1120
banner62,protest,1036,1776,2516,3404,3996,5328
banner63,protest,0,1253,3222,4117,4833,6444
banner64,protest,0,340,680,1445,2295,2975
banner65,protest,272,952,1700,2108,2380,2448
banner66,protest,72,162,216,378,558,594
banner67,protest,1036,1628,2220,3552,4144,4736
banner81,protest,70,252,350,406,448,490
banner87,protest,430,774,946,1290,1333,1505
banner89,protest,140,210,420,840,1190,1260
banner95,protest,573,955,2101,2865,4584,5348
banner97,protest,108,864,1404,1728,2268,2700
0jx8SN2AWb4,protest,891,1287,1485,2277,2772,3465
3kKlDxYuNqQ,protest,440,1320,1936,2288,2728,3080
4H-nxw5zB2U,protest,118,472,1298,2124,2596,2832
55mtXPRMs1Q,protest,553,790,1027,1343,2054,2844
5JbAEmBxHCc,protest,304,836,912,1292,1596,1976
7-GBaZb5ciQ,protest,110,990,2310,2970,3410,3740
7vlWlY8xGBo,protest,492,738,1066,1312,2542,2788
9Bwxrn5mgzQ,protest,0,174,696,1044,1450,1682
9gv6wTkoWqg,protest,0,384,2944,4224,4352,4608
9OQ-zJYh1Xo,protest,306,510,1836,2040,2448,3264
A8jyR9qwitw,protest,82,287,410,697,861,1353
BDoRbVNLTfo,protest,88,264,484,1100,1188,1276
bIqVmGap9Wc,protest,234,1404,1638,2691,3159,3510
bMlqz4-T1iA,protest,0,518,1258,1998,2220,2294
cnohdXhwBxI,protest,826,1652,1770,1888,2242,3776
dGQfvz02yWY,protest,118,354,590,944,1652,4248
dTpLgCY2p_k,protest,59,944,1593,1770,1888,2006
Ey4HufF_TmI,protest,260,1040,1690,2080,3380,4420
g7lMeyn41ZE,protest,288,384,1152,1824,2688,3264
GAonLUiDB7w,protest,585,1053,1521,1755,3510,4095
hMILruwR05U,protest,150,400,650,1150,1500,1700
IINp2UyS3mI,protest,115,345,2185,2875,3795,4025
IUz999Mr3Hg,protest,1036,1332,1628,3404,3700,4292
IV5KC4QbjIY,protest,0,327,545,2071,2943,3815
iYIDjdalxXg,protest,470,658,846,1786,2632,2914
jXBe4i2-C34,protest,1170,1620,1890,1980,2520,2880
KAQ56EoU_mU,protest,0,288,1344,2112,2688,3456
kbhnPaPE0Wk,protest,160,1200,1440,1840,2320,2800
kIKtz1lAm4s,protest,100,400,700,1100,1700,2100
KsKD41UHTFc,protest,968,1584,2024,2200,2552,2992
Lr2qiCOvYlw,protest,156,416,884,1144,1404,1716
m2zhCBA-Two,protest,0,690,828,1035,1311,1932
MoFnPg3Jy4I,protest,43,516,688,774,1032,1505
_ponFZevHX4,protest,105,945,1785,2415,2730,3465
banner01,protest,252,1134,1386,1890,3276,4032
banner09,protest,0,656,820,984,1968,2296
banner10,protest,18,54,96,120,174,198
banner11,protest,0,602,1462,1892,2838,3010
banner14,protest,192,896,1472,1536,2048,2240
banner15,protest,238,1190,2142,3332,3808,4165
banner18,protest,1180,2124,2478,2596,2950,4012
banner19,protest,52,520,884,1144,1300,1456
banner21,protest,300,450,2250,2700,2850,3150
banner22,protest,64,512,544,608,864,992
banner23,protest,396,1188,2772,4554,5544,6930
banner27,protest,1776,2664,3108,4440,9324,15984
banner28,protest,116,1276,1392,3016,3712,3944
banner29,protest,472,2360,3304,5428,6844,8260
banner30,protest,202,808,1818,4040,4444,6262
banner31,protest,0,795,2067,2862,4293,5088
banner32,protest,0,822,2055,4521,9453,13563
banner33,protest,1524,2032,5080,6350,7112,7620
banner34,protest,672,2240,3584,6048,7392,7840
banner35,protest,77,385,616,1232,1848,2541
banner36,protest,1456,3276,4004,9464,11284,12376
banner37,protest,0,1576,3940,14184,16548,26792
banner38,protest,0,1035,1380,1495,2070,2875
banner39,protest,459,1071,1224,1377,1530,1785
banner40,protest,1816,2951,4540,5675,6129,6583
banner43,protest,95,190,228,494,551,627
banner44,protest,396,1089,1485,1782,2079,2871
banner45,protest,0,1122,1870,2244,3927,5236
banner46,protest,942,2041,3925,4082,4710,5024
banner47,protest,114,1368,2280,3420,3762,3876
banner48,protest,78,273,390,624,819,975
banner49,protest,798,1254,2166,2280,2394,3648
banner50,protest,28,392,504,700,784,952
banner53,protest,0,125,2000,2500,3375,4125
banner54,protest,138,414,552,598,644,1518
banner55,protest,0,432,702,810,1188,1674
banner57,protest,164,492,1312,2296,2624,2870
banner12,protest,134,737,871,1474,2278,2332
banner13,protest,2160,2592,2736,4320,5040,5113
"""-El_iQ0i5Og""",wedding,0,1148,2952,3936,4920,5740
0n3gVXmbG-I,wedding,0,13210,19815,22457,25099,39630
2g4gLqksTcA,wedding,3110,4976,8086,9952,16172,22392
2um9Pbu5BO4,wedding,935,1360,2125,2380,2720,2890
3-sFLOcz_1I,wedding,0,227,2497,2951,4994,6583
31U5E5xbm9Y,wedding,0,4488,8415,10659,14025,17391
44HWfia55q4,wedding,808,1313,1818,1919,2727,3232
46xhFCXBMJs,wedding,4956,7434,8673,10325,10738,14868
4nAse9fEOww,wedding,0,1163,12793,18608,23260,31401
4qpTg5E1Xok,wedding,133,931,2660,3325,4123,4655
5A-3of5FoB8,wedding,975,1755,3705,5070,5655,6825
759-RoOmxeo,wedding,914,2742,5941,7769,12339,12796
8uZD12Hi0h0,wedding,1008,1456,2352,2800,2912,3808
9tGS3c1Ja6o,wedding,162,1134,2916,3888,4698,5508
9UdFlj9077A,wedding,0,2710,5420,27100,36585,43360
9VP1n9zTk38,wedding,199,796,1393,2587,4975,6766
a5_W5FYH5A4,wedding,0,230,575,1840,2645,3220
adpTLWCfu9k,wedding,0,488,3904,4880,6588,8296
aFJ7U95QQx4,wedding,284,710,852,1562,4686,4970
aJOeRUlrmoQ,wedding,0,925,1665,2775,5180,5735
aMk0WhTsBIE,wedding,512,1408,1792,2944,3456,3584
aOOJepvncBE,wedding,0,1782,8316,11286,17226,20196
ATAYjBsD7_8,wedding,77,462,1001,2079,2387,2541
AxlDl0L8zt8,wedding,170,255,510,1190,1785,2635
Ayq48hGW07M,wedding,68,170,238,323,408,493
aZFwRcv5--8,wedding,0,10164,24684,40656,46464,50820
BK_CKC5lw6I,wedding,170,425,1870,2210,2380,2805
Bp8t824h5NE,wedding,0,1936,6776,22264,23232,32912
byhX5cDBYxA,wedding,0,175,1225,4025,4550,4900
cNoOzS2HZ5k,wedding,2360,11800,23600,27140,29500,38940
COiFSitg930,wedding,0,437,1748,8303,11362,14421
dcINl0zJ_YU,wedding,0,488,4636,7076,7808,8296
de8dLXvgV-I,wedding,0,2232,9672,13392,17856,20832
dI6S2OZBY4E,wedding,0,436,1962,2834,5668,7630
dWZ9Iv7tPKk,wedding,0,2130,2840,3195,4615,7100
ef5c0izPTNg,wedding,931,1064,2527,3857,4389,4522
Eh_cnVCU7nw,wedding,80,200,400,560,880,1120
EMoFeXZpJyg,wedding,768,1152,1728,4032,5184,6336
fbY7HoJgtMQ,wedding,167,501,835,2839,3006,4676
FyLdDChK6sE,wedding,136,1224,2040,2176,3400,4624
g2w7Yu4hMYE,wedding,360,900,1440,1620,2340,4680
gfDWSjftuA0,wedding,2300,5175,8050,16100,18975,20125
GPRS1QbPtj4,wedding,168,504,1008,1092,1134,1386
gpvZPb_lUNU,wedding,2414,2840,2982,3692,4686,5112
Gwz0Z1qY5Wc,wedding,0,1144,1859,2002,3289,3432
HGEDhnHIBio,wedding,0,1397,1651,2794,3302,4064
HgxExb4Ig5A,wedding,445,1246,1424,2047,2403,2937
hjrsQKXMYng,wedding,491,2946,8347,11784,14239,17676
hLGDENxF7wA,wedding,0,1040,1520,1680,1920,2480
hmm2nn4PpI8,wedding,0,1150,1725,14950,16675,18975
hmuajscZbik,wedding,135,540,675,1170,1215,1530
HpLQCPkGLhs,wedding,585,1872,2691,3042,3978,4095
hpqkfq1-f70,wedding,0,6606,10276,20552,21286,24222
HRgIMFAa5K0,wedding,0,114,513,969,1311,1539
hvwKOBVVO-M,wedding,648,1458,2106,4050,4212,5346
IJAlfrdwI4c,wedding,0,450,1500,2550,2700,4350
iPBvU5z7uPE,wedding,0,488,1586,2440,3416,4148
IPxCNUX_k_Q,wedding,142,497,1065,1775,2130,2414
iRzavHwuyh8,wedding,854,1098,1708,3538,4026,4392
ITbmPrZLBvU,wedding,0,607,1214,1821,6070,9712
J9Tj55ulDYg,wedding,1300,1950,2470,3640,3900,4290
JNKZN8uq1H8,wedding,41,246,615,943,1271,1353
JS07a5nX3rU,wedding,728,1638,2912,4004,4914,6006
KaryCtpKjJ0,wedding,0,414,483,897,1518,1932
l5eLMcLJAUs,wedding,0,1015,4263,5481,6293,6699
leDkOCXcYco,wedding,122,1037,1464,1647,1891,2074
MmBAsNlmWpo,wedding,465,744,1209,2418,2697,3069
MrnLDO-3uYY,wedding,0,545,654,2071,2943,3488
N2L6OiMMeNM,wedding,304,1824,2888,3192,3952,5320
n7uHSkExSHs,wedding,0,1820,2860,3120,3380,4030
NfjhI7GYyR4,wedding,1074,1432,1969,3043,3759,6265
NhNUlrbbt1s,wedding,270,405,1890,2970,3645,3915
nMdoAuwTCTI,wedding,92,207,299,460,552,782
NuTx6Q4151s,wedding,0,284,1704,2272,3692,3834
PIAZG8x-tGE,wedding,212,1060,1166,2226,2650,3710
PM5uEllr21o,wedding,150,900,2700,3900,4350,4950
q00Cy8m3vu4,wedding,1017,1356,1469,2712,3616,3955
q10wqC48ndM,wedding,795,1113,1431,2703,4134,4929
QB-XNKN8wr8,wedding,785,2198,3768,4396,4553,5495
qJ6Hlpiq-cY,wedding,765,1105,1190,2210,2805,2890
qQADYatY4ec,wedding,292,876,2336,2920,4526,5110
QUbx-AcDgXo,wedding,122,1342,1708,2440,2928,4270
QYRf0TTz1bI,wedding,280,392,840,1064,1288,1960
RkEA0z-80uM,wedding,495,1650,3135,3465,5280,5940
sux-S9to94U,wedding,968,1815,2662,2904,3388,4235
S_RRuNluYGA,wedding,266,532,665,798,1862,2394
TbOcn1M2bvI,wedding,0,252,672,1176,1764,2268
TRhiTfS0Vds,wedding,0,60,270,630,870,1080
tRQJVu07Czc,wedding,405,810,972,1458,2430,2592
UHsrir7Ansk,wedding,544,1224,2720,3808,4760,4896
wIr-N9D1o1I,wedding,0,315,840,1785,3465,3675
wMJZJUQCY7Y,wedding,560,1120,1232,1400,1960,2016
7NSDVV0g-Eo,wedding,71,165,305,492,700,772
Gyt7uyHxJfo,wedding,0,389,539,814,874,1059
iuHPEgYGjtk,wedding,157,445,580,634,764,815
n27rzDmugus,wedding,408,653,1020,1305,1346,1387
pI9ibLJoMGA,wedding,203,261,350,581,755,929
vaDzus_PHhg,wedding,1224,1707,1828,2557,2800,3163
RKkoBwAkx2M,wedding,144,1056,1008,576,48,720
_rIeDARnet0,wedding,70,329,448,776,826,180
"""-Das0UR_ibw""",baseball,1017,1921,3842,2712,1356,1582
"""-lSSQOwFkTM""",baseball,600,250,1350,950,500,200
-r3JbZsMe1Q,baseball,1176,2254,3528,294,196,2744
09GYvtX7fQs,baseball,4008,334,5678,3006,3173,1169
0hgN91xJSPs,baseball,3808,0,1120,2912,3248,3584
0mmy5SWHzZM,baseball,1120,0,2720,2080,640,1680
17iEZ5Fbc5I,baseball,280,520,600,840,1160,360
1akUe4ykIjs,baseball,3375,4125,2500,3000,1750,1375
1I5-SVYgi_o,baseball,486,4860,3726,324,1944,2916
1n97jEyPHAU,baseball,3336,3475,1668,139,3892,1390
247dNVj8MHg,baseball,221,78,429,351,338,91
2f1ruopOLKs,baseball,2112,2976,384,1056,1728,2400
4JfX0awsDyE,baseball,1251,3753,834,2224,3475,1946
4sIpsaImAig,baseball,5950,4025,2275,875,0,700
6-vKPEVHHF4,baseball,528,1320,2288,3168,440,88
7RDW7QjMd28,baseball,2220,296,2590,2368,2146,1998
8CeJLMqaF1Y,baseball,976,1708,366,1281,610,2074
95TvizuHoO0,baseball,2368,1628,1184,2072,4588,1776
96l3GMG6iwM,baseball,4898,1738,2844,5372,5688,4266
97R_SO7mzyE,baseball,2220,1850,592,814,518,2442
9fzwcFqDGoY,baseball,3103,1926,1391,963,856,3210
9UeE_CIN4SA,baseball,2739,581,1411,1079,1743,1826
9xLwHMwl4HQ,baseball,72,1116,900,756,1044,432
A5vCPtjOe8Q,baseball,1146,3056,2292,6494,4775,3629
a80lXJvRJTo,baseball,320,400,1040,800,1160,240
ApG3SYhl8TE,baseball,3247,2865,4584,382,5539,4966
AXJ7g3WdkuE,baseball,2208,768,2880,576,2592,960
AZIk5wIq2Qw,baseball,763,3379,0,872,545,2398
b0uZ3Riu9Ck,baseball,616,224,56,1176,840,1736
B3iU4ujg6Cs,baseball,2184,84,504,2688,2352,1932
bAOijXTgLe0,baseball,1566,2030,174,406,1218,1044
bgtPADxiSUE,baseball,6336,2688,1344,4032,2112,6912
bMpM6q5axf8,baseball,702,0,1950,1638,1326,234
BqBDNNf-aZI,baseball,2760,2944,368,5888,1840,4784
bsHQnS8DnMc,baseball,3424,3745,214,0,3531,428
c6iPi_SRBho,baseball,1936,2816,4048,3696,880,5984
cbntIEkglds,baseball,810,3510,4725,2430,675,3240
cJO20Si6TlA,baseball,288,960,3168,1344,1632,1920
cuXnqs1nXgQ,baseball,3815,1635,2507,1308,3161,2616
cVuBdD0Ol-k,baseball,5518,0,356,6408,3382,5696
cWHtkcPjz9Q,baseball,4284,630,882,2898,3150,1764
D5JDnTO2Lu8,baseball,1050,2520,3360,3465,735,3045
D8AwvFkz6cM,baseball,0,870,2030,435,2610,580
Dj4I8l0ya-M,baseball,1510,1057,2416,4228,5285,4530
DJYiO2nMrZY,baseball,1250,1500,50,1000,650,200
dWf6CaIgKnQ,baseball,5510,3230,1710,950,3420,0
eegAKdNQE-Q,baseball,1744,1526,436,981,1090,3924
EeY5y8N6gKQ,baseball,1476,1066,2788,574,2706,0
eKRhrlZaL_I,baseball,3703,2093,5313,4991,966,1932
EKVo9uufB_A,baseball,2112,6912,4032,2880,5760,3648
em8UJ3XkJCg,baseball,2952,123,738,1230,1107,3813
ep8hLVP8pks,baseball,2412,1608,1139,2211,268,1809
fOHcCcElt7A,baseball,0,3564,198,1188,6336,396
fYlysv_ta50,baseball,408,36,348,204,132,312
g2H8GGfaTFA,baseball,644,2093,0,3542,4508,5635
gJsqCA4qHWM,baseball,361,646,19,171,494,57
gliKsPlD8NA,baseball,4200,5075,3150,4900,0,175
Gvzc0gWHgFs,baseball,2350,1880,3102,1222,0,846
hq2h7ELin7s,baseball,493,17,136,323,442,221
hZo2AJ0g4Po,baseball,440,1760,275,1210,1980,1375
IcGQOh-uU6M,baseball,2565,1485,540,3645,1080,4320
j-hxXRCf6sE,baseball,416,728,1300,520,1612,1248
J1tTGf9_Hew,baseball,2156,1764,0,196,3724,6664
j7_LyvfEN3s,baseball,4795,1233,959,1918,3151,411
JhE1MQtC7AY,baseball,3094,2366,2730,728,1365,455
JInx6_4IYqg,baseball,5160,1548,2580,6020,4128,3784
JXKIhC20PVI,baseball,4784,368,4416,4048,3680,920
ka77GPGh1xw,baseball,3834,2698,2130,710,4686,2414
KApqizLUSG4,baseball,2380,840,1400,1820,980,2450
klG6Q7daivc,baseball,1520,2052,2736,2508,2204,988
kqouZKc8amE,baseball,519,5017,1903,3979,2422,4844
lDqyhfQDtRg,baseball,3161,327,2289,2616,1744,1635
LeZ1WyzG4r4,baseball,1785,1260,840,210,3465,3675
LWj6xS7fvuI,baseball,1359,4228,3926,3020,2567,5134
LXoeEBkAlL8,baseball,3724,3192,1729,2527,2793,4522
M8xSWvLCLGo,baseball,230,1242,1518,1380,920,506
Mpy_5T1lUpU,baseball,3150,5250,875,2275,2100,2800
n1twGCrH8TU,baseball,864,324,2052,2376,0,1188
OAH4Lt0y4GI,baseball,152,1064,1216,1520,3952,3648
ORzpBgNN6TY,baseball,707,2727,3333,909,2929,101
OstexZ6LiLc,baseball,952,616,1736,1960,0,336
qCMBCEZmruU,baseball,1230,328,2050,2870,164,82
qFs9pAd2zdM,baseball,80,1280,160,520,1120,400
qqgMCjz8GxE,baseball,1344,1152,1584,816,672,0
R2NzJWkm4I8,baseball,2400,3264,2688,576,384,1056
rhdom3koxZA,baseball,83,1162,0,1079,2739,830
rqlcTpAckDY,baseball,1295,777,1110,37,185,666
s5zgH6Ljx9s,baseball,4248,5133,4602,1239,5841,3894
skOsApsF0jQ,baseball,2688,3360,5880,2352,2016,504
SnLTTR278bg,baseball,1740,4176,5394,0,870,4350
T1Y2aaCECiY,baseball,1736,0,1400,1848,784,448
tj-GDCwSqXY,baseball,735,2310,1785,2730,3045,105
TRITFj1S3IY,baseball,3502,2369,3399,3193,206,2884
TsyMAxI_2Dc,baseball,280,560,392,168,1960,1736
VazRhsh6uys,baseball,1397,4318,1524,127,508,4445
VEakHEDU_3E,baseball,3990,3078,0,1824,3762,2166
_RK02VKP06g,baseball,628,2983,1570,3925,5495,157
_s7jQOg2rlc,baseball,750,4125,3625,4375,1500,2125
_vbTjIgbdfY,baseball,484,1012,1364,44,660,440
_xIYnYiMXSg,baseball,2265,4379,0,3322,1510,1661
-2wRFv-mScQ,basketball,4384,1781,2055,1918,3151,4932
1Ni5l96kS-Q,basketball,684,2850,1482,3876,2052,342
3lIKQhyoE0o,basketball,1056,1344,1632,1536,96,384
4InKpXCXTEM,basketball,594,36,504,324,126,234
4s127HSTS2Q,basketball,1710,2430,2340,180,1530,2790
5LmobnufL9c,basketball,990,3300,880,2310,550,1760
5weaWASD3HA,basketball,946,516,1118,2666,2838,1548
7dKrzN6Q_qQ,basketball,2673,2178,1188,2475,792,2871
7fR9uoFMEtg,basketball,808,3434,2525,1515,1212,3232
7OsjnyW2xLQ,basketball,1807,3475,2363,4587,2919,139
7qy1e25wYAo,basketball,4640,0,4480,1280,3680,4960
7UgAC6hMGLE,basketball,1012,184,1610,736,874,966
8fhkZZ2wjvU,basketball,2380,140,560,1820,1400,2170
8hHSKs-jQzI,basketball,1780,0,5696,6230,2136,4094
91esgogejQs,basketball,1968,492,3198,1230,861,2091
9a1t5bEyZI4,basketball,2869,4530,1812,5285,3322,906
A3s-fR0oIV4,basketball,3468,0,1836,1530,3366,306
aKdILODxWzA,basketball,2508,76,2128,836,2584,1368
ArOGQ4LhX8g,basketball,0,1188,3069,2079,198,594
b5UXF-0Qp8E,basketball,3003,1573,1287,3146,4290,1716
bCHdgmG959A,basketball,624,39,936,117,1248,741
BDejOrH12b4,basketball,1573,3861,3003,429,2288,5148
bdGBGrxBgcg,basketball,588,49,1225,686,1666,1421
BiMHEGp0BI4,basketball,336,4368,5880,2856,1680,2352
BIsmrT0F0oI,basketball,558,2046,992,248,868,1798
BS97WBHECqo,basketball,6790,2134,0,3104,2910,3492
BYaak4BgveY,basketball,2562,4270,3416,2806,0,1586
CJKQN0BAZ1c,basketball,1152,1116,504,972,792,396
CQT39KQ2_RE,basketball,2489,262,655,4192,393,3930
CZbs3G6Olq0,basketball,207,45,279,171,198,117
D9g_7yV8oGg,basketball,2669,628,5495,2198,2041,2983
dbfV0uXq01A,basketball,4620,1400,140,0,3640,3080
DPnd27N-tPI,basketball,2310,924,2387,1694,1155,2695
dV-jZKwQHjA,basketball,2380,980,1890,630,1190,2100
Dw0GhBpllvk,basketball,640,4160,160,1280,4000,5600
dyC9oFsc310,basketball,2247,1391,2568,856,2033,0
E7uPzjXWBPk,basketball,2013,610,915,366,1098,1708
EP5dhffE3bk,basketball,504,112,896,392,56,84
eqs8wOiBLhc,basketball,663,153,918,1071,969,0
esLKo5EzVLY,basketball,902,1189,451,1271,287,984
Evcso-WdIQM,basketball,4392,4758,1281,2745,0,6222
f-QKljrVjA4,basketball,506,550,66,176,704,110
fHzfT3VTAxE,basketball,1368,76,266,912,342,988
fL2DF11mEOA,basketball,2025,0,2430,4590,3645,945
GD3vr9hQ940,basketball,3510,975,780,6045,5655,1950
geIluRaem3U,basketball,732,122,1403,366,2074,1220
gSHkq9dgNIQ,basketball,1368,792,2592,2376,1728,2088
gYF74UgtnPY,basketball,763,3379,2180,109,3270,0
hEvh2wbPRGQ,basketball,262,131,4585,3013,917,2620
Hezpb0UJB-A,basketball,3048,4445,2540,127,2286,762
hRbw3l3BWAQ,basketball,3801,1991,4525,0,2715,1810
iBVDILYAAx8,basketball,3564,4536,1944,2430,3726,5184
IKlcAROFSl8,basketball,4830,3312,4278,1380,276,2622
iofria3NKiY,basketball,1824,3990,228,1596,2052,0
ip69BYyLCJI,basketball,660,2640,264,4620,4356,2244
IpEL6ZYgXh0,basketball,2093,4830,3703,5635,2898,3542
ixbtaavWPwM,basketball,5104,5808,0,4928,1056,5984
iXTSH51WiSo,basketball,4867,471,5181,1570,3925,5338
iZBIcDrsO8U,basketball,228,532,1900,304,2204,1520
iZr8_jSSDMk,basketball,1024,704,416,224,96,544
JdBqpWZNECk,basketball,2093,2548,182,1820,3094,2730
JEnSk7jRRkg,basketball,1323,1470,1666,833,980,637
JmBoQDRkrJE,basketball,3132,174,5568,870,1740,2784
jNPRdnxQFww,basketball,900,200,500,250,1050,1350
k4mJtK1VZp4,basketball,2352,3024,1456,3808,4032,784
K4WLjMYHRdU,basketball,2184,0,3224,416,104,1560
K8sNECeEhDk,basketball,2808,3432,1872,3744,1144,3640
KGLFK0I6-mk,basketball,3350,3082,2010,670,2278,4690
Kh-U9hd_hXE,basketball,330,1210,2750,0,2310,3190
klNa-RWe_p4,basketball,287,943,820,1353,1476,0
kMXNZJFIO-k,basketball,1032,559,129,1247,430,1204
LpcFjV0rh3I,basketball,151,1208,5285,3624,453,0
M-w9jbYycLc,basketball,420,210,315,120,525,465
m24jPsJgVTA,basketball,3040,4320,5120,320,2080,800
M6tCSVkc9-8,basketball,284,1065,426,2556,1278,1562
MCNQ6JrwS9g,basketball,2358,3275,2882,3930,3668,4585
MKeNUwuYovs,basketball,1470,4704,2646,2499,1176,4998
mVVnDUspZwQ,basketball,0,4256,1368,304,1824,4864
n5m9wNm-zPA,basketball,104,232,56,176,160,248
NGh9Dhkh-BA,basketball,3315,1170,780,5850,195,4290
nGtGrjSyzxc,basketball,580,1566,1044,870,2030,1276
nTE3isW0kJw,basketball,2352,441,2646,0,2058,588
obfHHz81u1Q,basketball,4290,330,0,2475,5610,1815
oFa2vbfvocU,basketball,836,608,1140,304,76,190
oFKVRf_PjfQ,basketball,3104,388,4850,582,1746,6402
oFPJE5RtO3w,basketball,198,2178,924,1848,1122,462
pyBahhoU4EA,basketball,2130,2485,1775,639,1065,1988
SgmL2twi9Ck,basketball,767,1121,236,0,1770,531
sq6jxs8u4J8,basketball,2100,3780,2940,0,1820,3920
t6wBtpytfIM,basketball,2800,3400,700,1800,100,500
t9jtoqj8HrY,basketball,432,5184,1296,4464,1008,864
ToKPErgx6xM,basketball,1140,2052,3534,0,2964,228
tVTHN2s5cBw,basketball,428,1177,1712,3210,2140,321
uQoM2uwd4DM,basketball,2720,4800,0,4160,5440,2240
xNQ4FRDBKdI,basketball,498,3320,1992,0,4482,166
YityTOnnXeE,basketball,4472,5676,1032,0,6192,688
_ajmFDUXTJk,basketball,1038,692,4152,0,4844,173
_HsdCBm66Wc,basketball,154,209,286,363,385,33
_nu0RifVD-I,basketball,4500,2700,4950,3150,2250,4050
_lSMhDXPazM,basketball,,,,,,
1ntxO2ZLth8,concert,2352,4704,1764,588,2548,1568
1q6CkigQy4E,concert,378,4032,2142,1890,1008,3150
21VeAmPOBzI,concert,775,465,2635,1240,0,310
2BrOGFxM38w,concert,3861,4862,3003,143,715,4719
3roQbeRyme4,concert,3336,3892,4726,556,5004,2502
3Y_55ZKTzyo,concert,462,1078,4928,3388,2926,2310
4cP26ndrmtg,concert,987,2538,3384,2397,0,4089
4ngl6icXkQ8,concert,4800,3456,384,1152,0,2304
4nMUr8Rt2AI,concert,2782,2996,3745,1819,3638,749
536thRkc-4s,concert,755,1661,2567,4530,1359,151
5h5GayujNRc,concert,378,6048,3402,2835,2268,3213
5JVPdb6Urhw,concert,3444,2296,2132,0,5084,1312
5M2ODVtxZTk,concert,0,2520,700,2940,4900,2100
663Ip9xl_eg,concert,3780,3276,1764,4410,0,252
6G6yWdOIVLU,concert,198,1122,825,594,1056,726
8iv_KxGwEmQ,concert,2016,4176,1008,2448,1440,4032
8RRgIP-0pHk,concert,3264,4032,0,4992,1344,768
9d1PVNpMRlE,concert,1320,0,2640,3300,4356,924
9eoXI21mlv0,concert,4564,3749,5705,2282,1793,3097
9hIYSHwiHW4,concert,1869,1246,890,534,0,2581
9mmSBbQ68ZE,concert,314,1099,4867,157,1570,5495
a-c7rAA8ow0,concert,2282,652,3260,4238,5053,1793
aEZWikWUcV8,concert,3504,3358,2336,4964,3796,1606
BNi9fOjXx-Y,concert,3340,1503,0,4008,5344,2505
c5HDqvK1smI,concert,3190,2320,3045,0,1595,725
cqoPyWgXUMI,concert,1225,0,3675,1925,4900,5250
dGKwx-BFO0E,concert,3645,810,4320,1890,2970,3375
dhWOrIsECJQ,concert,2352,672,4872,2520,2184,0
DNzvsXsQaMU,concert,2924,0,1376,2236,1720,5504
e4d0LOuP4Uw,concert,3840,1760,1280,480,0,2400
EJC-_j3SnXk,concert,2432,1368,3192,1216,152,2280
EVrkjKLFNsA,concert,2184,2366,3185,1820,910,1365
eX-pj1t0Z7I,concert,2064,3870,4128,0,3096,2322
FAXwJT-jF94,concert,3630,5115,660,0,2475,990
ffcitRgiNDs,concert,316,1580,4424,0,4740,790
FflfOb4BWCU,concert,0,1413,2983,4553,471,2826
fnB7zKNDn6k,concert,119,1666,3808,4165,1309,2499
FPjj8edvjgM,concert,4228,1057,906,3020,3775,3473
fvzEEfSd4-g,concert,242,4114,2178,0,121,3630
gFWGejEXf1Q,concert,4875,1950,6825,5655,5070,3120
Gn3EUd7pCIs,concert,0,2912,2275,455,1456,1092
GNoNGqrNUvs,concert,0,1700,3400,2800,200,2200
gR7g7lvgoxA,concert,4992,4212,1248,312,5304,0
h_EB1eJ9fqw,concert,1232,4048,5104,880,2288,5808
iSn1-gxdKII,concert,529,368,322,207,92,483
j8kF1lqunh4,concert,141,1410,1974,705,0,3384
JmNpnnUcuwk,concert,3128,1472,5336,3312,5520,736
JpqfAxuFJm4,concert,1050,600,360,930,30,210
k20vMkklQgs,concert,2688,768,1440,2400,2784,1824
kyACwhtqkD4,concert,4929,2862,954,1908,5565,0
l7eHO_PEWLk,concert,3192,5168,4560,1064,1976,2432
lDvGLTdirKg,concert,1162,1826,3652,4150,2158,5810
Lx-mViVUcAw,concert,1513,0,356,3026,1869,2670
LZ0w3Lig9Cg,concert,2945,4960,1240,2170,465,0
m58IhuHb9Z0,concert,78,273,585,507,1014,156
MAe4AphigLU,concert,72,552,192,312,792,456
MFu2qN51zgg,concert,999,444,3108,3663,2553,1443
mnWtCkdzFIQ,concert,3052,218,3488,2289,3270,1853
MrOpYwqAcFk,concert,880,1056,2112,2816,0,3696
NAEppFUWLfc,concert,3582,5373,4577,2587,0,2985
nMLkrTJ9BZI,concert,1980,1056,3300,264,4620,0
nRrGoDcuQAQ,concert,4727,3260,4401,1630,652,815
Nzo3atXtm54,concert,4056,2964,2028,0,3276,156
Oap5UIx9Ph4,concert,3200,2944,3712,2432,256,1152
oBqOq9f7698,concert,1080,4140,4500,3600,0,2520
OO-F3X1T3nY,concert,1881,4959,5472,3762,1026,4275
oo43I4n4RKQ,concert,3795,4620,330,5775,495,4125
P8lkJq9O2S8,concert,0,5390,1232,2002,4928,2156
p9Ygppti7YI,concert,6755,4825,386,1158,2316,6948
pDNRjL7cY9w,concert,378,6048,2079,2646,0,4347
pGSmtz9pTRg,concert,1998,555,3996,0,2109,3219
pYc2CIVY364,concert,1404,416,52,884,780,1820
Q5bX5K76Hag,concert,4779,0,4425,5664,4956,5487
R1Xlr_lZifI,concert,3484,2144,3752,0,4154,804
RGXtnTH_pww,concert,5096,1456,1820,0,2912,6188
S8CK2ClEIug,concert,314,5495,0,3297,5024,471
sbtn6Beoz_M,concert,5070,2340,0,7020,4290,2730
sf9CtbLGzgw,concert,2090,1710,2280,3135,0,2850
sLVvfPWckMk,concert,1380,690,460,46,920,1012
Sw8P351cjJo,concert,3591,133,3724,4655,931,1330
t4VfaxeYOt8,concert,453,2718,1510,1208,5134,4832
TvHsN5-YBLI,concert,4800,3680,3840,2560,1120,3360
T_WX-6KE9Ds,concert,1152,1920,3584,2816,4352,384
u7sTTv_A3IQ,concert,1368,912,3192,2584,2128,152
U8NXbzFsciA,concert,540,504,756,108,1296,36
ubHSQ-wu7hw,concert,4785,5610,3300,0,990,4290
vsMWVW4xtwI,concert,2703,3498,4770,0,5565,1113
w3WKPNZ90tE,concert,576,972,1188,684,468,108
wazYZV2vz8E,concert,0,4756,1312,5576,1804,4428
XcWBAWhmeiQ,concert,560,1540,4760,1960,3080,3920
xlPRM_koEeA,concert,382,2674,6876,6303,3056,4202
YIbYCOiETx0,concert,2912,520,0,1456,1768,1248
yMoxSy1ufQU,concert,2790,1085,5115,3100,0,5425
Z5POReSB4Os,concert,3024,2142,4410,0,3780,378
Z8lUW9SKquY,concert,1760,3360,4160,3520,320,5600
Zc5lCJ7Vvks,concert,3212,3650,1022,5256,146,0
ZKCh6InNhe0,concert,116,2436,1044,580,3596,2784
zOdKS_ayMyM,concert,1800,2040,4200,0,2880,840
zX3sEy_VkWs,concert,2265,1057,2869,0,1208,151
_8cK15Iv5qM,concert,4255,185,2590,4995,370,0
-3tSrBGejKk,cooking,1170,2730,3250,1820,4290,390
"""-QoTJJJfeEE""",cooking,3591,1064,4123,1729,532,2926
01rWP3tF3eY,cooking,2835,648,1701,1053,324,2592
1htr3GJpUe0,cooking,428,535,214,963,107,642
1mfEC4F6HFA,cooking,3000,4500,2850,4050,2100,4800
2guC4Badq2s,cooking,645,731,1505,1247,559,817
2ZFQMngKh3E,cooking,0,2916,3888,972,4374,810
4g5iLqwggiE,cooking,2714,1180,826,3658,472,4248
69f2qTbZ2ys,cooking,534,1513,2314,3204,2225,0
6DOgPETTyoU,cooking,1192,2235,0,4023,596,5215
6fhAchG-jcw,cooking,2432,1152,2048,0,4096,1280
6in7ARzHVhQ,cooking,672,2352,3920,3584,1120,1568
6VMluu5veLQ,cooking,602,172,989,1505,903,43
7OLOPupvxMc,cooking,6272,980,6860,3528,588,3332
8ayjmd08n7A,cooking,930,1395,1860,620,775,2945
9iXDTNxjWe8,cooking,660,3465,4785,165,5280,4455
a4wOEniXfUQ,cooking,604,5285,0,4379,2567,3473
abNXRAQSV-c,cooking,465,4185,2480,3565,0,5115
aL8FW30hVJI,cooking,328,2378,2132,1148,82,1804
AmC9SmCBUj4,cooking,2520,1995,1260,2415,105,2940
aPyQhBr1MsE,cooking,1533,584,2555,0,292,1022
c1y-i1MX8vk,cooking,3315,4485,0,1170,5265,5850
C3_t5fXrYjw,cooking,2990,1950,3640,0,4290,2210
CD9hfQCsWLs,cooking,2240,4900,1540,4340,560,2800
Cg6skdOquDk,cooking,294,714,1134,0,924,882
cO5aLA01es8,cooking,3652,332,1660,5810,1162,498
CoDjt_aWz1c,cooking,3096,4988,172,1720,3612,4128
cu6SaLbf0Zc,cooking,4212,5460,3120,2184,1560,2652
D7fqc21EX_M,cooking,104,3224,1248,2392,1456,3744
d7rzcvvJ84Q,cooking,850,5270,1530,0,2040,5950
dA2eI_D67AE,cooking,4794,282,1833,3102,4512,2397
dafuxUGhqXQ,cooking,3451,2737,1190,3927,2023,0
EiGMleWwYX0,cooking,197,6501,1379,0,5516,3546
f-0SxfE773I,cooking,231,792,66,1122,1023,363
F0Tz9EMyMcg,cooking,1232,4774,2926,5082,5390,3388
f2KnURjzqao,cooking,1304,326,4727,2119,489,5216
Fb4Wi3KFoJM,cooking,3888,1728,5184,2304,4032,2880
G3Auksq3c5o,cooking,180,495,315,135,270,420
gZSlVi896fY,cooking,6055,4844,173,2076,3806,1211
h4yx46PtygY,cooking,1479,2001,2523,2958,1131,3045
HC6bq-jkrJk,cooking,396,3564,4620,2640,1320,3696
hoRv_40VUfg,cooking,2432,512,2816,1408,1664,3200
HsS5W9BjNRs,cooking,874,1104,644,138,1288,1656
Hyl_24-ex9U,cooking,1176,378,672,126,42,294
iFf2U192noA,cooking,240,1440,816,672,1152,1200
IgzRlO295YU,cooking,3674,5678,2338,668,4676,1837
ImdWOU5xRz4,cooking,720,576,5184,3024,2304,1728
iTFrnG81Jr0,cooking,4727,815,3097,3912,1956,2282
iUgOz5emQ94,cooking,2394,2898,3906,252,1134,3150
JHLAPDOQ110,cooking,2125,750,4375,0,3000,1375
JmDZ9coQGXE,cooking,5040,4464,1584,720,2016,0
jrH0CK1cZDw,cooking,3024,2457,5481,5103,189,0
jxYDAx_w0Dg,cooking,0,1155,616,2156,1694,847
k_YkQSTvjLk,cooking,2750,880,3850,2090,3960,3080
l2TjrPk5uak,cooking,4779,2478,4956,6018,3540,3717
L3-JTPvwxDE,cooking,2990,690,2645,1725,115,1495
mrbyeS98x0A,cooking,1230,4059,2706,4428,4182,861
Na2kavgzs3E,cooking,1947,1003,177,1121,944,1593
NucyM3y2I6g,cooking,696,609,1392,2001,2610,174
N_gbTlF8_TI,cooking,4608,2432,1152,0,2176,2944
oDIH0wHKkYo,cooking,1683,748,4675,0,5797,2431
oHIq_Q_xzZw,cooking,6240,4095,1560,2145,6825,4290
OHSdzEGKwz8,cooking,1053,273,1209,78,624,936
OixzLz9py7o,cooking,970,3104,0,3395,1746,388
otpAvHb5mcU,cooking,1750,450,1300,1650,700,200
ovhwFyXWTw0,cooking,184,4232,4968,2944,5520,1288
ovNinNq_Jho,cooking,396,748,792,44,1100,1452
PFJAuAWxuvI,cooking,4023,596,3129,1937,5066,4321
pTamtrKjKPg,cooking,3956,344,1720,6020,0,2064
pvlkYYdIBV0,cooking,2877,3151,0,4521,2603,411
R3plYwOGYMs,cooking,1701,0,378,4347,3780,5859
Rn3QpN7zOi0,cooking,2925,351,0,2340,1755,4212
rQPuzfag38Y,cooking,0,3828,528,4620,1188,4224
sc3-2mA7yn0,cooking,140,378,98,336,42,266
sejsQ-FIJww,cooking,0,2288,208,2808,936,3224
SlX7M40M7LY,cooking,5890,4750,2470,6650,0,3040
sRmmQBBln9Q,cooking,3654,1638,3024,504,4032,3276
TC5_kB4Bndc,cooking,2272,3550,852,142,2556,710
tJ6TROPTWRA,cooking,4440,3700,0,6290,3145,1480
Tn9dabdzNOo,cooking,2387,231,0,1771,462,2772
tpSqIx_gDMA,cooking,1120,784,0,1568,2576,3024
Ty4wsKIzvhs,cooking,495,3135,0,2310,3630,5445
ulxVk9B3qBU,cooking,4544,0,852,1420,4828,3692
uphHQ227mtY,cooking,2052,5814,3078,0,171,4617
uTjPRNauMsM,cooking,4620,4340,0,3080,1680,3360
UYhKDweME3A,cooking,832,1088,2240,1536,768,896
v3onTFDN3IU,cooking,3173,501,4342,0,1169,2171
VA3UzHz1CLM,cooking,1924,3700,0,3108,4440,4884
vaPgmDr1xBw,cooking,2408,2752,1376,4988,172,0
vFw00Py1enE,cooking,1170,2808,234,3627,3861,1755
VnL5OR6pfcc,cooking,720,0,4140,5760,6300,1800
vWJXUDpLEyA,cooking,0,3584,2176,256,1920,640
WEDndTCyGgU,cooking,260,910,1820,4290,2340,4160
xbqPtgIhiZE,cooking,1830,366,732,4758,549,1098
XJUp2LHTXaU,cooking,105,3465,1890,1785,1470,2100
xLNJftMWURQ,cooking,4416,4968,1932,1518,690,2208
YIjWwZwlHQg,cooking,2261,1547,2023,119,714,3094
YtdAcHrFYWw,cooking,20,500,0,200,360,440
Ze_jBEiRYAE,cooking,1848,1001,2618,2079,231,0
_aY0W6VwdQI,cooking,2400,3900,4800,150,1350,4200
-4Yzr8pow_U,cricket,2400,96,1248,3072,480,288
0Hy4JpYaSNU,cricket,195,403,351,0,78,26
0VVNybUx7DE,cricket,936,1404,0,2652,4836,5616
1A6RA6iJdFg,cricket,744,1364,1116,3100,2232,620
1nrJ1vzTI_8,cricket,1064,2508,1672,836,228,1900
1Pyh9C5DTsU,cricket,166,3652,1162,1494,4980,5810
244h38txAIA,cricket,1334,116,0,1914,638,58
2cd9tuoWe3Y,cricket,832,312,416,754,234,156
2YC136S6ptE,cricket,2265,1208,302,0,1510,453
3GXW2jRbpKY,cricket,4401,2282,3097,326,1467,5542
3_gblrtvhMI,cricket,585,325,975,2080,845,1560
4bbB9gQ6X2A,cricket,624,192,816,744,456,720
4mG0HVRJLeM,cricket,812,957,406,638,58,232
4O0ZC2IARIE,cricket,1632,1296,0,864,432,288
5FMDPu7IE04,cricket,527,434,248,837,930,186
6xeeVyVjylQ,cricket,960,816,1488,1056,96,1536
76Ka5dqD9RM,cricket,5740,820,2296,656,4592,4264
78TwTWJVALs,cricket,3381,4998,2499,4116,1911,3528
7igPjEh0jmM,cricket,3200,2688,3584,1664,0,128
84kWXLuyl1E,cricket,2976,288,864,2880,1440,2112
8fMTNio8_ck,cricket,4625,5550,3330,2220,2960,2775
8Sgo1jiyop8,cricket,782,322,506,69,690,529
9HMJEmlfZHA,cricket,5100,600,1800,4200,3600,1200
9o6vTXgYdqA,cricket,2646,1862,882,490,1372,0
9RgvE_Nbj1c,cricket,2278,1139,737,1876,938,67
ARZX8rJ41IY,cricket,2310,0,1870,3850,2860,2090
AzYp9-0TV-8,cricket,368,230,69,437,598,161
B1ce8nW0loM,cricket,539,0,980,1617,637,784
baL8V-VrCF8,cricket,1178,124,2170,62,930,1736
BSEhEZqL4Hg,cricket,918,4284,2907,5202,0,3825
c5j5eLCKlKA,cricket,140,700,980,532,168,840
c9kJ1iRarQQ,cricket,6195,1770,708,0,5664,3363
CDsfw35MUb4,cricket,0,1860,3720,620,5115,3255
CFCbgpiz8AU,cricket,200,1350,650,50,500,900
Cicp5Tc_PiQ,cricket,2086,4917,1788,2980,2384,2831
CULCEH-Tlkg,cricket,204,442,782,612,0,34
D1fZpNp3WjY,cricket,100,950,650,550,1750,1450
dcBfR_1hr-U,cricket,423,940,1645,47,329,1551
dnnGeG3wcds,cricket,1050,225,2625,2325,1200,1650
DXww-_bfwWg,cricket,1134,405,2916,1944,1296,324
EATM58kfneg,cricket,187,272,323,0,544,119
eFVbgtetJ9k,cricket,2400,1680,480,3360,1320,2640
eGA5ZwEFZuc,cricket,3380,4420,1300,1040,4160,3770
EO5HWN-gJeA,cricket,768,24,552,816,360,648
f4YA5fyuFSA,cricket,1596,513,0,627,1026,285
fi89dSYyNB4,cricket,1120,0,1750,210,2100,490
fkd1Sa70SOA,cricket,3335,2610,725,1595,5075,0
FnlO8_mfvwo,cricket,1050,2450,2170,280,980,1820
g-beFHld19c,cricket,4470,3427,3874,745,2086,4768
G-Ncx6tvi88,cricket,4250,625,1000,2750,2125,2625
gAge1yZ8-3I,cricket,136,408,1224,204,1496,272
HAHUAJ8cHeA,cricket,2300,2852,2024,3220,2208,460
Hvu_xdP7qSk,cricket,2520,1080,1872,2592,0,1728
hWjXAfHDgrw,cricket,2392,1560,2080,3328,520,624
h_fla0c29ho,cricket,850,500,1200,750,550,250
ii0naW2XSyE,cricket,405,720,1440,810,180,630
Ixen74288kU,cricket,1870,2860,0,2640,880,1210
IyW9h6pYJxc,cricket,40,600,0,480,700,320
J39wI7QeHiI,cricket,4032,3264,1728,576,2688,5952
jNzKtxs-Sjc,cricket,330,484,88,418,748,660
JQj86g3zGjM,cricket,2982,994,4544,1846,426,3408
ka34S2P6CSI,cricket,2376,2772,1584,3564,1056,0
ka6MX0-v26A,cricket,2376,2592,360,1872,2160,1440
l3WG2BAiZME,cricket,147,441,686,1225,1274,1029
Lam9PgU0pVU,cricket,1712,2247,428,1819,1605,107
lB-Lj6RAHCY,cricket,3760,2444,188,6580,1504,752
MbEa3dFwYUI,cricket,400,80,920,1320,160,800
mkAnnFcGUvo,cricket,264,528,0,1320,924,2244
mOSNkut6ObU,cricket,440,242,638,748,308,594
mTGpI0A0XXw,cricket,504,840,616,952,1344,1512
nq5C5LxYkRg,cricket,2937,356,1424,2759,3115,1691
oP1sfN--vmg,cricket,1628,3700,148,1184,2072,5032
oq-CiKyTsBg,cricket,3510,2574,0,3276,2106,2925
OvExSU8WtWg,cricket,1020,408,2040,2346,0,3570
owyhXA7ZaI0,cricket,1500,350,450,950,650,1150
oXRYyaqgjt4,cricket,522,198,612,342,648,144
R0k13RYKQF0,cricket,214,2140,3638,2889,321,2354
r82tb36ebFk,cricket,0,1716,1170,1482,312,936
S16_nxK304c,cricket,1066,246,82,697,820,1230
s5juEu-zPTM,cricket,3366,1224,1377,765,1530,0
S9jKKCiItwU,cricket,2436,2268,1092,420,1848,840
SMyaQe4uRfk,cricket,1332,3108,3663,444,2553,0
sqITRPL3iGw,cricket,222,1924,444,1332,2664,962
T7Cb9UqDnf4,cricket,5292,3024,5103,1512,378,4158
Ta54_biVSpU,cricket,1064,76,1292,190,266,798
tDd5xxJQsEo,cricket,2550,750,1950,2025,900,0
tGGemvGlqFQ,cricket,2829,4059,4428,4305,2091,0
TtTLMCTL4Bw,cricket,2366,507,3042,1183,5577,6084
vjMnk5n2cQ8,cricket,1377,459,5355,3213,2601,153
vksIghaj_uc,cricket,1360,4080,680,2176,0,3264
WN2z3t1HtFc,cricket,2438,530,2544,0,1908,1484
WV6aVSKqDgA,cricket,2848,5874,4628,1424,3738,6408
Y4DKk2p5lrQ,cricket,210,1386,0,672,252,420
ySh7f7XWdlo,cricket,3060,153,2295,5049,3825,1683
Z3jNO_gUY5w,cricket,696,870,348,87,609,1015
ZOhRdP1zn0Y,cricket,3976,3124,4118,1136,0,2414
ZqOs1Jc3ly8,cricket,945,180,360,1575,1260,1440
zVB6zECXmh0,cricket,170,680,0,1870,1445,510
zXflcO8MwYA,cricket,648,216,540,918,783,81
_X8aYjFiQrM,cricket,1170,2106,2418,1326,2730,2340
-5FiANumgMM,fire,644,1472,0,1380,1150,874
00gMwG5gyvQ,fire,297,561,1056,792,660,495
0DI4uM28gR8,fire,1989,4095,1170,585,234,1053
0l8wVdgD1Vk,fire,4650,310,2170,0,1705,5270
0lTLBaAtuNM,fire,3549,4732,5915,1183,2028,169
0tyc2RNDID8,fire,651,126,231,483,588,441
1YNOA1ruOeU,fire,480,1200,2160,2480,320,1600
1ZrnFz7muGg,fire,552,1610,828,138,230,1426
21RyReMc6Po,fire,4130,2360,1770,1416,3068,0
3KMv8casJuY,fire,1160,3480,1624,3712,0,4060
3wsegE01zUE,fire,1909,2656,2822,1494,166,664
3X2vDS5GaxA,fire,780,2028,4212,2964,5304,2340
4efp7jh42Sg,fire,918,3519,4131,612,5508,1377
4g9UaSo9XR0,fire,3604,1484,2650,0,2438,1696
4w84XcQjzBA,fire,2706,1394,164,1722,1886,2378
505tkPvbeSM,fire,800,1700,3200,2600,3500,100
5dd6n2SLNik,fire,177,3540,5841,4956,0,4248
5hghT1W33cY,fire,0,2400,800,3840,5120,4800
5KNAl23NwME,fire,910,975,1235,2080,2275,390
5TnNR49GI-4,fire,896,504,1064,280,112,1960
6BjSaUJlf7E,fire,2356,372,1488,3596,992,4092
6EhZinrhe08,fire,1836,3162,306,1734,714,2244
6xAjNA4vy-s,fire,72,252,540,396,36,162
8A7y5pVt1q8,fire,1120,2464,0,3696,224,3024
8DbA4zO9br0,fire,380,2584,1292,152,2356,836
8FnwsnWOK-g,fire,264,1650,726,1254,1452,990
90MPGCtKXwc,fire,640,160,960,2160,2400,560
aRLBQsnzd0I,fire,2976,3069,930,1488,2697,2511
AYla6q3is6w,fire,0,632,1106,2212,1422,3950
B9nqrZoWbRs,fire,360,900,30,540,1020,780
bPs9tQkjg-Y,fire,832,1508,1196,156,52,468
bSgit5NFuTc,fire,1225,560,805,210,420,630
C7_D8dco3wk,fire,1344,672,96,336,432,720
CdDBQaLtA8U,fire,2147,2599,1130,339,1356,3842
dfuFtZjcGGg,fire,3434,303,2323,2828,1616,1717
dJpLE8kZ-Y8,fire,1365,2520,1680,3675,315,3570
Dk3cdYo7TF8,fire,630,1120,245,35,1015,105
DktQCxG00QE,fire,700,240,120,460,20,560
Dt4g_3DrDP8,fire,270,558,144,396,432,360
dwUoQLgCo7k,fire,114,475,418,608,19,342
E2hc7qFGq0M,fire,630,966,1344,168,1260,294
eFfZUqozhac,fire,3024,2592,144,1296,432,4464
Eg7N6x0DQnU,fire,54,576,288,432,180,216
EHOHhQhBbQw,fire,2403,1246,2314,89,3026,534
EivYWt9GAI4,fire,2584,2432,912,380,1976,1444
Etc3uV_FKjs,fire,464,290,1914,870,1334,754
feaw4bip1Lw,fire,550,154,418,770,22,242
FgLGWc55MrU,fire,1656,460,184,0,1012,2392
fJxe5gexZNU,fire,522,0,5742,870,2088,1740
G8NbtpJzSt0,fire,4785,1595,1015,0,2175,4350
gFhs6qrbmG4,fire,1648,3399,1339,3605,2369,2987
GoSyZX_Dj7E,fire,1332,592,4884,4292,3256,4440
Gpc0V_yIrQY,fire,620,930,124,1085,806,434
gQ_Rf7MeE9Y,fire,552,713,782,460,69,0
GZiEQg3vF7s,fire,5775,1750,2975,0,4900,3500
hbwwPPuqcHM,fire,1008,294,882,756,126,84
Hg0xlyKMa9M,fire,1825,2409,1022,0,219,1241
hxS8Ej9IgJU,fire,132,363,1122,561,429,759
I20VocE1ogk,fire,0,4864,1520,3040,912,4408
Iaxc2RuRnCQ,fire,2244,2108,408,1292,1020,1088
iHNKSp_qIDo,fire,1092,2821,1365,455,2366,1001
IHzBIsDALVg,fire,1054,680,102,476,204,748
Ij3p9kEppDY,fire,392,280,952,560,140,56
IMCCHiZLmI4,fire,527,51,595,289,153,221
irhscuQnFDg,fire,168,672,1134,966,462,1302
kJk0EdjNnEg,fire,500,420,160,60,300,360
kSb_Bs_3IOc,fire,3008,3290,752,2444,2538,1692
K_EZuvXuy6Y,fire,756,1092,168,462,588,1428
L-nbiYeH-a8,fire,737,67,1541,938,1876,1809
LE_yYyw2f6c,fire,868,364,560,252,672,308
LMX2i5e1WJc,fire,588,224,616,448,924,28
m9T5QbAk5P8,fire,1320,792,2200,88,2992,2816
Mbh1IyxiwhE,fire,572,0,260,728,884,650
mj75koAJBvY,fire,2945,0,950,1425,1900,190
MJE7JN8l9u4,fire,1890,1575,525,2730,3255,1680
moIEjMd10Gc,fire,1750,1200,1550,550,1000,200
n02ouEgZeNQ,fire,6303,3247,4584,4393,5539,3056
n4Un8iukow8,fire,1904,1232,280,1568,0,784
N74r4wqMmiY,fire,5168,2280,1824,0,4104,152
N8uBM3MtnMk,fire,527,119,272,612,374,170
o8eZX5GeS9o,fire,3668,1048,262,2751,1441,1572
OExySV3D1uU,fire,266,399,646,38,513,589
OgRN2XOzf_0,fire,83,1826,2739,913,2905,1328
om7RRFdlAPo,fire,408,1326,1173,102,1836,612
ONDQdvX7y3g,fire,163,5053,1630,2282,3912,5705
oU6HV9HnlEI,fire,3456,3888,540,2592,1404,2160
p_tJO-Gw_II,fire,3150,300,4050,1350,750,3750
R9tQXY2GNxI,fire,565,3164,452,2712,3842,1921
RMoh5hZAaZk,fire,2100,300,2000,1000,1300,700
S1Kbym7WYzs,fire,3952,5168,1520,2280,304,456
U3yBnodXI7E,fire,423,1598,47,799,470,940
UkVdrTMZMEY,fire,3979,4498,1384,692,346,1730
v5XBfqc3rXs,fire,4260,994,284,0,3692,5112
vMBHkF0y71s,fire,2112,960,2016,288,2496,3360
WmvcoAPLeuA,fire,893,1363,1034,94,1316,705
x2kHRYF1Ol0,fire,1066,492,1312,82,574,328
y4S-C4HMHCs,fire,1700,3100,2400,1900,2900,900
YvfDbODi-vQ,fire,2125,1105,2805,340,2635,2380
zR48H4-aysI,fire,377,783,232,58,609,928
zVmvc-RLKqc,fire,138,805,690,713,621,276
"""-P0OVbWvw7I""",fishing,1526,1744,218,1090,3706,0
0ztQG5v5YBo,fishing,3294,5856,2013,4758,183,1281
1g9WMGUSJ6k,fishing,5016,3040,608,4256,760,3496
2KCQ_vC8rMU,fishing,87,2001,2262,0,609,2871
5EsV_tEHJSg,fishing,820,3280,4592,1640,5248,0
5YbE1DDMnC4,fishing,1920,4480,384,1152,640,3456
6qxKR8chr4g,fishing,4408,2736,1368,1672,5320,2128
6TBGI93BSHM,fishing,2844,0,2528,316,2212,5056
6tSxEGCWKkc,fishing,2292,3629,6876,6303,1146,5921
722RSjOxrPE,fishing,1023,62,620,341,1116,806
7aHK_VzHOas,fishing,1590,2385,0,1272,4134,2067
7cO_XkOo7F4,fishing,1316,423,1081,47,1551,799
7jundQn4UgU,fishing,2400,3000,2600,1000,2000,0
7Nu9oGdNl2w,fishing,4428,1804,328,5740,1968,656
8i9_FJiNljg,fishing,656,1476,4592,5412,3936,3608
8L9QYvE7-1I,fishing,5249,6154,362,2896,2534,1991
9FGE6-p7rzo,fishing,5174,6169,3383,1791,5771,199
A0GjXtxFUv4,fishing,696,174,3306,0,2088,6090
A1q-86GKrK8,fishing,189,918,513,351,567,432
A2OCLcMYNJ4,fishing,5626,2910,0,388,3880,5238
aKjKaRbOtQw,fishing,2325,75,2025,750,375,1200
AtQBQ-Vsun0,fishing,3312,3888,1008,288,4896,1584
AyfECRdUPNY,fishing,3920,1120,112,0,3024,3696
b2spn_aggxs,fishing,385,539,1617,2233,2541,1309
bkweT8ScrCE,fishing,1098,732,1952,244,3050,3416
BMGmJ9t4qq0,fishing,4080,952,4760,2040,136,3400
BPi00ew0t3o,fishing,644,230,1058,1564,0,1242
bRopZWW3vjk,fishing,267,2047,2492,178,1246,1068
C1dnt7dz_L8,fishing,1680,168,2688,924,420,1512
C9gFkjUYbwU,fishing,492,2460,1148,2050,328,1640
CjbF42jg_S0,fishing,264,2464,880,3080,176,440
cMVFqjj5sQo,fishing,2848,1958,1602,5518,178,3916
cS9wzAjbJ24,fishing,1728,3360,960,384,0,288
d2BTul3_OYk,fishing,748,1320,176,1584,44,1056
Dd46pwgYJq0,fishing,574,0,1886,820,328,1640
djFtQDrJQNY,fishing,748,1836,1020,2312,1972,1564
DULIZleIEyg,fishing,2640,240,2240,2400,1760,2000
dYr0HcRMdEM,fishing,3045,1995,3675,1155,2520,1785
E8EuSu7sJZ4,fishing,575,3910,1035,345,920,2990
FGbAEM5vf-w,fishing,2982,2414,1136,4544,5112,142
fIJZX384ItA,fishing,3920,1568,196,6664,6076,2548
fPx1AvhYl3M,fishing,4805,3410,4340,930,5270,2015
FT8QIapHiqU,fishing,750,500,50,300,200,700
fvqVqiyWfR4,fishing,1197,4617,3078,342,2736,4959
fW-vFICu1Hs,fishing,3825,2295,0,4284,4437,5508
h1DgO7WEpkM,fishing,2460,0,3608,4920,656,1148
hE1ufZspnEA,fishing,2366,676,5577,169,2704,5239
hPzdfLeXj5A,fishing,1836,1224,2312,612,340,816
IaZMKcV9bKs,fishing,196,2450,392,2058,3430,294
IeELaW4ec2s,fishing,1240,2728,4464,3472,1612,2108
IJycNwhsk_4,fishing,1848,3828,264,660,2772,1188
Inm-TVoVuNg,fishing,106,3286,1908,0,1590,1272
i_z1FWyH00w,fishing,3666,4230,3384,564,141,987
jDBzvK77tfo,fishing,1264,3160,158,0,4582,5056
jjS5NCd57G8,fishing,2535,6825,1560,4680,6240,1755
jLZxHYQIF5Y,fishing,1240,1922,62,0,1488,1736
jQK1a1RFOYQ,fishing,2626,2222,202,3434,1010,2828
kwZM5HVsXTc,fishing,1764,196,0,6468,2548,5096
LJtcFBp3A4c,fishing,2714,2124,1652,1770,1062,0
lOZtTDDwTxQ,fishing,2052,108,540,2808,3132,972
L_ipgSCFy0k,fishing,700,160,360,60,460,220
ME7axtWZPw0,fishing,5976,2324,1660,3818,4648,4150
MLdylCOYSIQ,fishing,3937,1143,3048,508,4445,127
MRfZ1VJva2I,fishing,3026,2492,4450,1068,712,5340
MxsSl_ZWaxs,fishing,1848,264,990,2178,1980,1320
MZFwxX5yk1s,fishing,5984,1232,4048,4400,1936,704
oj6eX-CX1uA,fishing,2325,1125,0,1275,2550,525
pEkzc515h8M,fishing,104,156,13,299,416,351
peSzPa-ynpk,fishing,168,4536,0,2184,5544,1344
pzWeH1wP4Ow,fishing,208,286,26,416,78,130
q2jTIGQlL-w,fishing,1705,620,5270,4960,2945,465
qctV3kEJ-dI,fishing,275,425,300,800,150,500
qC_h7Aoa4tI,fishing,567,81,891,2592,243,1134
qlYWLK3jjjw,fishing,170,1615,935,1870,1445,2805
rlakJ5bLPR0,fishing,5460,3705,6240,5070,390,975
snv7HZjk7uw,fishing,1250,500,2250,2375,3750,2625
s_v1Pt7DyH0,fishing,1064,3496,608,4256,5320,0
TJ0oDvpVix0,fishing,170,272,748,510,1156,34
TjAhT1HxVe8,fishing,3255,5270,1240,4805,2015,2945
TNtM8BR1KcI,fishing,1020,630,30,480,870,750
ToKSMwvViQc,fishing,64,168,248,8,80,72
T_Eb_KHuJVA,fishing,0,2457,2275,2002,1092,3185
ViHsm5WFy9U,fishing,1932,4186,322,2576,0,805
VxHTKawz0lM,fishing,3850,2970,3410,2640,770,550
WACLv2XbgL4,fishing,2955,3152,6895,2364,5319,1773
wg-98gUy8xY,fishing,2839,1169,2171,4342,1002,4008
W_itgHu4CUE,fishing,4736,1184,2960,5180,2072,3552
XdCezyso7-w,fishing,3174,2484,4554,552,1794,1656
yEKF8e0ndRU,fishing,3332,0,588,5880,5096,980
YUFm1D9qrLs,fishing,1078,1323,343,490,98,1617
Y_ThL7tbjpU,fishing,4728,1970,3546,197,4925,2955
zENYzOOIQnQ,fishing,568,4544,0,3550,142,2130
zP9CaibO0PQ,fishing,3486,5810,1992,1660,2988,0
ZWwlaXUvceg,fishing,594,1080,1890,270,108,0
zxPbThkrUFY,fishing,38,874,1254,570,380,912
_2m2DzyGlrY,fishing,3102,1269,1410,3525,141,3384
_EJ89Z3-5J0,fishing,84,560,112,896,476,280
_M8xv7TkolU,fishing,49,1372,1666,1078,931,686
_vRcD5T7PCM,fishing,644,1472,322,1242,1058,0
_WG5pXTSV0w,fishing,560,805,455,385,210,700
-3uYg2uvVqA,gardening,4321,2682,4768,1490,3278,3576
"""-dOjBgc-yaQ""",gardening,3611,2355,785,2983,4553,4710
"""-zBN9Y9SlRA""",gardening,1680,0,630,2835,3675,1575
19jFaAHrdL0,gardening,1296,1782,3240,4698,3726,5832
1dlpaFLbaZM,gardening,338,5408,5577,1183,0,4056
1vi9AAnr2Fs,gardening,4200,350,0,2275,5600,2975
30ltQtcRWRU,gardening,685,411,4795,2055,4521,3836
3jlpQz4EKBs,gardening,6624,1840,2576,5888,2392,3680
3JmFXHesMQo,gardening,4290,6240,2145,1170,1560,3315
3MmjrNN-gKQ,gardening,360,700,140,620,20,520
5LS5kaSamgk,gardening,1900,3610,5130,1140,380,190
5Uyvjf8gv4k,gardening,290,870,1798,638,116,1450
6kUm_I7bLYw,gardening,936,1248,5460,4680,2028,2964
6kvPioYjpX8,gardening,2997,1332,1998,3219,3663,777
7nL_tPurHSU,gardening,5248,328,1640,4428,2296,3116
aRAgJIkKqYk,gardening,596,0,4917,1788,1341,3874
aZf8tjs4fV0,gardening,924,2178,528,0,264,1254
BeBsixsC1gQ,gardening,2052,342,1026,741,1881,1425
Bf5WTHIn5Ps,gardening,3395,2716,1649,776,2522,291
bgx_u0O4i6k,gardening,386,6755,4053,2702,1351,2123
BhfGM0LRTrs,gardening,3600,600,4800,1950,4350,2100
caM4X4pYvvE,gardening,3960,0,594,6138,5544,5148
cB-yNySbFXA,gardening,203,126,63,140,0,84
czWLku1giMI,gardening,4836,6138,186,2976,2046,1674
DbRyVwR_-nI,gardening,276,92,1104,2576,1932,2116
drqzINdRZ6s,gardening,336,2912,3808,1008,2576,1344
Dz_S0nCdo1c,gardening,210,77,21,147,84,49
ecty4bj6d6o,gardening,2016,2268,588,0,2856,168
eeXoFv8H9ow,gardening,2622,4104,114,2508,3192,1938
eEzShcs05Fw,gardening,2821,91,364,637,1638,1092
FdAhvx4eR2Y,gardening,474,948,2607,2212,1817,0
FDCpVS_-Qzk,gardening,3277,2486,3955,226,3051,0
gG079U3GhL4,gardening,1312,3936,3116,0,1804,5248
GQ2jmgB36fA,gardening,2620,3799,4585,786,4061,2882
gQI1OYNR2Ec,gardening,3906,630,2898,0,2268,2520
GuUK4KwB-5Q,gardening,5530,2686,5056,3318,1580,948
G_Z2P9uXyyw,gardening,4690,3752,3350,670,1206,536
HBmUwwaIukw,gardening,156,312,336,120,48,384
hbXxfFNrJhM,gardening,1962,2834,0,2507,3815,436
i2luQk0IYAg,gardening,1804,1722,1558,2952,820,2050
IiSNRzKd4LE,gardening,1947,1357,236,1180,826,472
iMOoJZamO-E,gardening,3562,1507,1781,4110,4795,0
INuJrvnevKQ,gardening,2425,776,3007,388,1358,1552
iWnJAILyS10,gardening,162,1053,1458,243,1215,81
J0VI1hQXZwc,gardening,2726,846,1880,470,3102,1504
JPnlrsXTTgo,gardening,3003,2002,637,910,2730,2184
juptiz10nw0,gardening,3240,4860,0,162,1296,972
kfxCie1lJdM,gardening,3444,3936,656,1968,2624,5576
KhzDwDru8qg,gardening,0,865,5709,1557,3287,5190
kSnzSReyWZs,gardening,1680,672,2800,112,0,224
LccaDNdFh-Q,gardening,1162,2490,4482,5478,1992,2656
LN2sssmsmNY,gardening,2244,2346,2040,204,3570,612
lrlSkSPh2BQ,gardening,400,2400,2000,700,1400,2500
LvQr53Zv9BY,gardening,4640,640,5440,3520,0,960
lVZRg0Ev5eg,gardening,4760,2380,2940,3640,4060,3500
mBqwe96fVV4,gardening,539,1519,1372,1666,1176,147
oFrGw6gVWBg,gardening,3040,5600,2880,5760,800,1440
oNAE84LZsvc,gardening,1920,3840,4608,6144,1344,3072
P-yCM0iHpyM,gardening,4263,2499,1764,1470,588,5292
pB3lTYxLbvg,gardening,1111,2828,1717,3535,303,1818
pcsAXTT2SSI,gardening,2832,3658,1180,4130,236,118
PIyi95Umebk,gardening,5152,2576,3703,0,322,4347
pm6xkiXNuZk,gardening,1290,2580,1978,172,3010,1806
POMkKG2YT3w,gardening,850,5270,510,3910,0,2550
pUYMiiwRhLE,gardening,2793,3458,4655,1463,0,2527
px3JFqv0QQo,gardening,3924,3161,1744,218,3488,981
q-EAVtyaBSQ,gardening,0,1694,3267,2662,1936,3388
QQk8XneRIEA,gardening,2392,3128,2024,368,1472,2116
QtOAfA-3awc,gardening,3354,2064,4644,3096,645,4128
QTPCfHcBZWs,gardening,5549,4117,179,1074,4475,5012
qudkNCgMHCg,gardening,434,238,28,462,182,140
r2-i0RrtDpw,gardening,4445,889,127,4318,4572,3175
R8eVYsjiJ_k,gardening,1590,1007,53,1749,424,265
rF2xgXBiasI,gardening,1430,4433,3861,1287,2717,5005
RTBbZQ_5D7c,gardening,3104,2328,873,1649,291,1164
RUVE9Vpncis,gardening,3570,2499,4046,595,2856,1190
ruvpMqHS-zs,gardening,2934,2119,4075,5705,2771,489
RVIvWuZ-TUk,gardening,1554,3108,2442,2109,2886,3663
S21oqbSmuRM,gardening,510,3060,4080,1700,5610,2210
sDN-jCeQ11c,gardening,546,1326,2574,780,468,312
snoy5iNYhys,gardening,665,3135,2850,760,2375,1710
suIXQ-Ga5pk,gardening,2505,5845,167,3006,3841,2004
Sv9wD2HNSnA,gardening,2520,270,1080,1710,630,1890
szUzP07VCqk,gardening,3950,1738,5688,3476,5056,316
ubqiBq7v9F4,gardening,1836,1020,68,2312,1700,1224
V8RhJ1a8Y1I,gardening,525,3045,2415,3255,945,2730
VC8dOwGSCzA,gardening,3400,2448,680,4216,136,3128
wAiilZd2fKA,gardening,64,464,576,416,544,496
WDfe9fRvs04,gardening,604,2416,4983,906,0,453
WE_sShdGsss,gardening,1727,5495,3768,3297,2826,157
wpQmHGY-h6w,gardening,1020,2890,1360,2550,2125,1870
WSF2hcrCd3Q,gardening,3096,903,4128,129,1419,2322
WxhuGPkM2CM,gardening,2262,1326,858,2574,546,1248
wYwEg5I6FJ4,gardening,5940,1386,396,1980,1188,0
y-SFswQGDw4,gardening,117,507,1404,1053,39,78
y0pBD6KfVsQ,gardening,155,2635,4805,2945,5270,1085
y3mnMxIYYG0,gardening,3960,1800,960,2880,4080,840
Yuu2ULgtbdk,gardening,4225,845,3380,1690,2366,0
YZJIDFpTU2Q,gardening,6358,2431,5797,4301,1309,3179
ZLiAWFb7mkQ,gardening,3564,3432,264,1056,2376,0
0dRR8j-sDe8,graduation_ceremony,3439,724,6335,1448,2534,2172
0nSZPmaYWxQ,graduation_ceremony,3848,4440,444,2368,592,5032
10ZBViuJJ_I,graduation_ceremony,2349,567,1782,162,2835,891
1NlJTM95ALk,graduation_ceremony,338,3380,0,3549,1859,1690
2nKM04mTXRE,graduation_ceremony,4092,3036,1320,396,3432,0
2wpkkSvCDg0,graduation_ceremony,3567,2829,4428,1845,3936,3321
2ZGcb-rVoEc,graduation_ceremony,3135,2280,2470,190,760,3325
3aCK0Y1mz9g,graduation_ceremony,4692,1794,138,2898,1932,0
4nnRvZBfcsg,graduation_ceremony,144,1188,468,756,864,540
4T8rhJsHL5k,graduation_ceremony,2470,1615,2660,285,1900,2850
5e-mSV5hoCM,graduation_ceremony,6303,1719,4202,1528,5730,5157
7RwUaBNE1ZU,graduation_ceremony,611,141,1175,0,1551,235
7Yj9uSEFfjs,graduation_ceremony,1240,0,2480,4650,465,310
84CAg-yuhCY,graduation_ceremony,1600,1280,2480,960,2800,2160
8MAYpSQjjHw,graduation_ceremony,1518,644,92,276,368,1242
97b3XVsxk2A,graduation_ceremony,2210,520,3380,1690,1300,3900
9CNRDLXUMUg,graduation_ceremony,1728,2880,864,3360,2496,96
9RRz3foL7u4,graduation_ceremony,186,1178,1364,62,1860,310
9RW3TzW16iE,graduation_ceremony,3689,2737,4284,3451,476,1190
9YdTxL71k9c,graduation_ceremony,3360,1440,2280,120,2040,1200
ALuGT6OUx_c,graduation_ceremony,714,1632,612,102,1683,357
An6ba-C62Y8,graduation_ceremony,2247,2568,107,3531,3103,1819
AZSYigvyJPc,graduation_ceremony,3240,0,480,3840,1200,2520
B9-eIE1-BH0,graduation_ceremony,420,2940,0,1344,2184,840
B94lNXADzXw,graduation_ceremony,1179,4454,3275,0,2620,3668
c1kdpQAE7To,graduation_ceremony,1955,510,1275,765,85,2805
cA8lq3WI9Lg,graduation_ceremony,3366,3672,5202,4284,765,2754
CrvR9QDf8YQ,graduation_ceremony,2688,1920,3264,3648,4800,6720
E1G8GJNoyBo,graduation_ceremony,5236,3850,770,2002,0,2156
EELBoRxs9o4,graduation_ceremony,1113,795,1855,636,1431,1219
eQxnqLTGM5o,graduation_ceremony,158,3318,2528,316,3002,2212
eWGePEULAuM,graduation_ceremony,4836,186,1674,6138,1116,2604
ey909UaPliE,graduation_ceremony,0,3036,4278,690,3864,1932
E_kyMJ8UNUA,graduation_ceremony,3052,2943,436,327,218,2180
f-joDcEumuE,graduation_ceremony,1533,2482,1095,1460,292,949
FCvI04ztPws,graduation_ceremony,4004,3080,1848,5390,616,0
fn-VIwy1Fxc,graduation_ceremony,3749,4564,2608,5705,3097,5542
FvY7KuDjGv8,graduation_ceremony,1344,2112,320,1792,384,1152
gc6DKPuYoO4,graduation_ceremony,1225,735,175,280,0,1120
GWAHEt_6S58,graduation_ceremony,1750,6300,875,3850,5600,4025
HI9i9o1vOxw,graduation_ceremony,1068,178,890,3115,2848,2136
hkR1xseWvJ0,graduation_ceremony,576,1296,144,720,2016,288
HVJ0bwkBYcE,graduation_ceremony,4379,1359,0,3473,1510,3624
Ii6m5Emftz8,graduation_ceremony,812,1276,0,1392,1044,116
JezTFGom_10,graduation_ceremony,1936,528,968,2464,2640,2904
JX2VtluZ7e0,graduation_ceremony,3030,707,1111,1919,2323,2828
jyaiXx_TEz0,graduation_ceremony,1400,100,2300,3400,3500,300
J_aDyApDrKQ,graduation_ceremony,984,738,1230,0,1353,492
k66C7XXvpeU,graduation_ceremony,2464,1760,2728,968,792,1936
KRRMQqU5UQc,graduation_ceremony,936,288,0,1512,1080,1872
kwPrIa3g494,graduation_ceremony,800,1650,400,50,750,600
lIpWxfBbfaM,graduation_ceremony,2464,1001,2695,1771,77,2079
m2FjKwP_DtA,graduation_ceremony,2354,2568,3745,3424,1070,1712
ND-D2D6gojk,graduation_ceremony,1708,1220,366,915,1525,2013
neLMYjaITOc,graduation_ceremony,113,3503,3842,1808,2938,1243
NfaKyG8MQxs,graduation_ceremony,2366,3380,3042,2535,3549,507
NGCUz6kGiYE,graduation_ceremony,2450,2842,1568,588,3430,196
OG9gE8MoBJQ,graduation_ceremony,2948,4422,4288,0,1876,268
OlteEPh6G2s,graduation_ceremony,976,854,1220,549,305,1830
OmtWzGSk4zk,graduation_ceremony,546,1326,819,975,429,936
ONqkZPTFlRw,graduation_ceremony,3408,4544,426,4118,2698,0
oRx-0pES-u8,graduation_ceremony,450,3450,5100,2550,1500,2700
oUA3LNG4Xy0,graduation_ceremony,1068,89,2403,3115,445,1869
pD13j-23fbQ,graduation_ceremony,4172,3576,4321,447,2831,0
pdCPP2-no0Y,graduation_ceremony,756,1944,648,1728,216,1188
pMmIaaWWxE4,graduation_ceremony,959,3562,4932,3151,2329,1507
PW2RQwgCbEg,graduation_ceremony,3380,2340,390,910,1820,0
Ql5kMs-9550,graduation_ceremony,1356,2825,113,1243,3729,3390
QZ8fXJhQNuk,graduation_ceremony,0,1472,322,874,1196,1380
R9iz8HR4RxI,graduation_ceremony,1116,0,620,2108,1736,2604
Rc1BncMkg6o,graduation_ceremony,870,2436,5220,174,3306,3828
RdNf-mu1Vdg,graduation_ceremony,840,1440,560,200,1160,40
Ro_qJpSYM40,graduation_ceremony,1742,4690,3618,2546,2814,1876
RZjBIKDozT4,graduation_ceremony,1625,500,3500,2250,125,1250
R_YAXljXArc,graduation_ceremony,1188,0,528,880,836,1452
srGh09zHN2M,graduation_ceremony,0,340,2380,4590,680,170
T0f79KVnqWE,graduation_ceremony,5406,3657,1272,2385,2067,477
tJ6n2orU5F0,graduation_ceremony,2460,820,2870,574,2214,246
tTWjGEJzdaU,graduation_ceremony,414,759,1725,138,897,2001
tU2yz6KbKfk,graduation_ceremony,2739,2407,1577,830,2656,664
TxMc5AEIAP8,graduation_ceremony,1956,4075,5053,5216,2282,3749
UdDyvWZhVuQ,graduation_ceremony,2968,1696,2438,212,2120,3710
unG9dkjwa50,graduation_ceremony,520,160,560,640,1400,960
uWgW2meEnog,graduation_ceremony,2392,1748,3220,2944,2852,552
uX_47O2guxU,graduation_ceremony,2128,3059,4655,2793,4256,1197
UYp0zHmbSWQ,graduation_ceremony,368,3496,2576,4600,1472,5704
Vbq7NdSk62o,graduation_ceremony,2760,552,4600,6624,1840,6072
VmRDgGJK3dU,graduation_ceremony,744,2604,0,5022,2418,372
W4EWpwWlyn4,graduation_ceremony,216,2052,3456,3240,1404,972
xN_NYeNa7e0,graduation_ceremony,2380,476,2142,1428,0,833
xtTmSDTBsDE,graduation_ceremony,1593,177,5487,6195,3009,1239
xvKzC1JBJ9w,graduation_ceremony,2548,3528,6860,1764,5684,3136
x_KKr3jSeOw,graduation_ceremony,504,2268,0,2898,4032,4158
YRzzdqhZbUQ,graduation_ceremony,1935,645,0,2580,3483,3741
Y_X1PVcuKok,graduation_ceremony,3052,2398,3924,1199,1417,763
z-L73118Pe8,graduation_ceremony,2310,1078,2541,1155,308,1001
z6HBjLmpWtw,graduation_ceremony,1598,470,1034,0,329,1645
ZW2PqTo3Jag,graduation_ceremony,3248,0,4176,2900,232,1856
_aQnWwcVTLw,graduation_ceremony,2921,0,1778,2667,3556,1651
_ZizTLWqCE4,graduation_ceremony,2175,580,4205,5075,3915,4930
-8SdBUvPeBg,hiking,1001,819,3094,2730,2912,1729
"""-hcwvOC6TH0""",hiking,3729,339,3955,3277,1695,1356
"""-Tsd_-hq7r8""",hiking,576,144,504,1296,0,2592
08eS6xAXUqE,hiking,3534,5580,3906,6696,1116,1860
0a-yUfJCEB0,hiking,5597,2509,5983,3860,4439,6562
1FAcUrzCXK0,hiking,2640,960,2160,3480,4320,2040
1fQMi7FSU_Q,hiking,1980,924,2508,3036,1848,2376
1Mi1gqIcGtU,hiking,224,448,1624,1064,1344,728
1P3HjMZDmPg,hiking,1924,2590,1554,740,1776,370
1vtCNpWkpqs,hiking,1848,2310,1650,1254,1716,2244
3L7bovqnVkI,hiking,2074,2196,244,1830,854,610
44CJQRP2BM0,hiking,1717,2020,202,505,2828,3333
4NjTxjLpBVk,hiking,5181,2669,0,4239,471,5652
6dcFBG52KCI,hiking,3087,1764,4998,735,3528,0
78Ouaj0iLUk,hiking,3255,735,210,3570,0,1470
7gO44le65I8,hiking,1079,664,2656,2822,1660,166
869KGDReV-s,hiking,3185,2730,1183,2275,1456,0
8mM61ozxHDU,hiking,3979,2941,1384,4498,0,519
9TCb_F3v_YU,hiking,3993,2178,1089,3388,1815,3025
a9gI6h1YkBo,hiking,1859,2366,3887,3042,4732,1521
aIa9u3ZE6y0,hiking,3630,330,770,2860,0,220
AsM2GuLyTL8,hiking,158,5688,948,2054,3634,4424
B1m_YyWhv_4,hiking,3008,3384,1128,2444,564,1504
Bg-3Mr-czwM,hiking,1911,3528,4263,2940,294,5145
bIT33Wnt2n4,hiking,2850,2250,1050,0,300,3300
BYlE74JlBR4,hiking,1836,306,3978,5355,0,1377
c9liAIphM9Q,hiking,6516,3620,5430,3982,2172,1991
CA8nfpdT7iI,hiking,0,1900,6650,6080,2850,5320
CjGN4oYVLl8,hiking,4550,3458,6552,1638,0,2730
CYIMjtz8Bkw,hiking,0,1755,2565,4590,3510,2835
c_Ktzj8s20Q,hiking,4290,3146,3432,143,4576,4004
d4kVuM2QEAY,hiking,306,612,442,68,782,1190
dW52-W8mUds,hiking,1674,558,3069,93,1767,1581
e8gHSHIaqG0,hiking,1044,2784,2320,2668,4176,1276
e9yRSTg6ANA,hiking,1969,5549,1432,6265,5907,179
edEFfJ7pKpE,hiking,4032,4608,2736,720,1296,1872
EKO-WZYMdN4,hiking,1314,876,2044,584,2628,4672
EqBpYOBtT_E,hiking,2041,5495,3454,1099,2826,3925
EUcmMBOmxHg,hiking,3060,3366,1530,5049,612,2142
FCkgs7YxHXs,hiking,608,2660,1064,380,2432,1900
FL8j_x5B4Nc,hiking,86,1462,344,0,2236,2666
GfzF2ZalFJU,hiking,2184,364,4732,3640,6552,1274
gGVuZScttyA,hiking,2992,408,4352,4624,0,1088
giBKWvbY5mo,hiking,936,520,1612,468,0,1352
Ic9JJnM6hgo,hiking,2210,1360,0,2720,4590,2550
IkpriBWOR6k,hiking,6188,4368,6552,3640,3822,1274
iyRI2Xh9114,hiking,726,1452,0,1122,2178,594
jddcqfj3zvI,hiking,4950,3300,2700,5250,3750,1350
jkiRgGxPgRo,hiking,170,2380,3910,680,2040,4250
jV26kIFugaw,hiking,1386,308,1925,2695,2464,1309
jy6K0KoMrco,hiking,6930,1782,6732,4554,0,5346
k0cMGVePwEo,hiking,1275,0,595,170,2890,2550
K5e-IwqNRgg,hiking,3458,2002,4004,4368,364,2912
Kb5qL0H9ZRw,hiking,4928,1936,352,5632,2464,1408
KbtZfzxX44o,hiking,1410,2961,2256,0,1551,3384
KPfpX5z2e-s,hiking,2754,1944,4536,5022,5508,324
KYhKIpOh4Lw,hiking,1771,322,3864,4669,805,0
l2yLEUEjuzo,hiking,1500,50,1650,950,500,1350
l9MpGNwGZys,hiking,928,145,319,493,435,638
lCRGvnkgxPk,hiking,2660,2432,1520,1900,1140,1368
lhKmhjQEwJE,hiking,570,2185,1330,2945,665,1805
lq0AC2eCwRg,hiking,5010,167,4676,1336,2672,2338
M2qnL58A_yA,hiking,1537,1060,1749,371,1325,636
M5AlCoanv3E,hiking,4160,3120,2210,2080,1950,4290
MulL8NWVzcY,hiking,1485,4290,4950,2310,0,5775
nLTaPbGp_mc,hiking,3104,5432,1358,4656,194,388
Oay4ZAhb04Q,hiking,693,1485,3366,1089,3267,198
OFxyCSSoWZ8,hiking,1768,272,4216,2992,3264,4896
PORP_E05Q2k,hiking,2004,1336,167,5177,2672,1503
q4DH0Q-RR94,hiking,5134,2869,302,2265,3171,1208
qkksmb-1_mo,hiking,3542,4830,4186,966,4991,2254
qLhfNO754C0,hiking,1323,343,1127,686,1029,1568
qoWasqsMN8Q,hiking,3535,2525,3232,1414,1212,707
qpDHxFeGTOA,hiking,3120,0,936,2496,1768,2080
QY5WDJCJkm8,hiking,182,1274,637,3094,2184,1183
q_o6KSB5-Pw,hiking,4225,4901,4563,0,338,1690
rOEVkCOLndA,hiking,0,5576,5248,5084,2788,984
s9cKO8EDZaY,hiking,4394,1859,507,5746,0,2873
SuXQqi7AdfA,hiking,5766,1860,5022,0,3348,6510
T75yK67WCHc,hiking,4680,585,3900,3705,1755,5850
tTl3_bPyp8M,hiking,2720,3536,3672,816,2176,4488
TU2VRSIuan8,hiking,1500,950,700,150,1300,450
tVwZKEaH4DA,hiking,4030,1430,520,4550,3640,2860
uaAoWXIjRtc,hiking,2159,127,3302,1651,4191,3683
umuffn7wQ1s,hiking,26,572,156,364,884,312
v7raIcxi8og,hiking,370,2442,222,0,1332,1702
vPO6MCFYV90,hiking,188,5452,1692,6204,2256,752
w1M0W1TwtDU,hiking,0,4928,1760,1936,2992,5984
we95lOsO0Ko,hiking,3969,4704,294,5292,3528,2499
WRJLXt4SIvw,hiking,0,3718,845,1352,1521,5746
wxcrBIqMIu4,hiking,1400,2200,2800,3500,400,800
X8cOTt70Dn0,hiking,3268,0,4472,860,4644,2064
x9isq2K50sg,hiking,576,0,1920,6336,4608,960
XN1RuxWTtR4,hiking,4466,3850,4774,2002,2926,462
YCKRRJsSdMw,hiking,1500,1800,400,3400,2300,800
yr68kag3IYQ,hiking,1178,930,62,1612,2046,1488
Z1o8w9VdQp8,hiking,828,966,1380,690,1242,0
z7SuMZ1efaM,hiking,2112,2688,864,3456,384,2304
zdBdLlGmAqY,hiking,3360,1008,5544,336,1680,4872
_HOTMHFpQ7U,hiking,504,2142,1386,693,1890,1008
-1hCyOWINU8,hurricane,1778,3048,1016,3683,1651,762
"""-p2ox0K0o60""",hurricane,2394,2128,3724,798,1330,532
0EVllrCleaI,hurricane,2852,1932,3312,1472,2300,1104
1L-qVJN39vo,hurricane,123,3567,3075,3321,4182,1845
1ldHa-x5zZk,hurricane,2400,3264,2784,384,1248,1344
2APc49v-F7k,hurricane,298,3725,894,1043,3278,4917
2GgUn2QTJtE,hurricane,3900,4420,910,1820,2340,1560
3Q-0KPT-h4A,hurricane,1204,86,1462,215,0,946
5E27Z6rGqeE,hurricane,2148,537,5191,4475,6086,895
5fPl0uiVtqQ,hurricane,690,3565,3105,3450,115,1035
6MP0FeGTY2o,hurricane,2952,1230,2460,1886,574,820
7shzR4HPbRw,hurricane,480,1320,120,1920,3360,960
82ngQsW9Zv0,hurricane,2744,2058,2940,98,784,1372
8DV8Gsy_P-w,hurricane,1656,2016,792,72,360,1008
9Rw1vJBnINg,hurricane,6120,5580,5760,3780,0,360
a0csM7lC0mc,hurricane,720,6300,3780,1440,5220,2700
al94fPwh96Y,hurricane,2025,450,1275,75,2550,825
apUTTFi4riM,hurricane,2442,148,296,1480,814,1110
b12LYkwGpIo,hurricane,1088,2112,1216,832,128,320
BPP2eSEaYQI,hurricane,576,696,288,240,168,432
CFLU69epiRI,hurricane,1792,384,1216,2112,960,1472
cGFry-u66cQ,hurricane,864,1656,1440,2016,1080,432
C_GsmA_yNJE,hurricane,0,272,1632,748,476,1360
d-CZj8vJdGU,hurricane,1932,69,828,345,966,1104
dA5qYrboTUE,hurricane,1680,96,1584,1344,576,384
DqVnf_3R9oQ,hurricane,228,384,48,300,24,120
DuYArQmBUZQ,hurricane,2755,1140,2280,3420,1995,285
EbTfDFSMiKg,hurricane,1792,1024,1984,832,2176,1472
f7HfJd_IkjA,hurricane,3686,970,5044,2328,6402,3104
FxUR7cZmhXo,hurricane,703,259,1258,1332,888,1295
GArnRC9tulY,hurricane,1545,3502,2266,103,1339,721
GpD6JbmsqPo,hurricane,1040,800,2400,2800,1840,320
GQEWvaKUBXw,hurricane,1855,954,53,1431,371,636
H9VpwmtnOZc,hurricane,693,132,363,594,627,990
hcYeZMNAbNs,hurricane,0,4350,2400,4500,1800,900
HH0sZGu1sRg,hurricane,282,1504,893,141,1363,799
HheFZiOoBPQ,hurricane,3600,1680,1080,4080,240,2280
HupSiKAd4K8,hurricane,476,952,340,612,1088,68
Hvr6iZQmePY,hurricane,713,31,341,899,217,930
i7vUnhZ7Y9Q,hurricane,2058,1176,784,588,1470,1960
kc6k0WL5ogs,hurricane,1485,220,880,1045,1210,550
kXccjTbc2gM,hurricane,80,260,580,460,320,540
lHF95ZTEkTU,hurricane,1343,1501,2528,2607,237,158
LLK6z0PMVF4,hurricane,2544,636,3339,5565,1113,1749
LlXVikDkyTg,hurricane,740,3552,2664,2516,2220,2072
LNmCuMBwMFQ,hurricane,245,49,588,1078,1323,1666
lvIej9U5iXs,hurricane,2580,1892,946,1290,344,774
m09dMggpMSM,hurricane,1680,240,80,720,960,1120
m1hl73o4Ysk,hurricane,4865,417,4309,2502,556,3475
MxHsHsJtR0s,hurricane,2700,1080,3600,1980,6480,5040
Mzq0_a-o0bw,hurricane,4960,3360,3040,1280,2560,4480
nL2DtZRZcgg,hurricane,1288,112,336,1848,1008,280
nl38LVqsBuk,hurricane,378,4410,1386,4032,2268,1764
N_BVpLF4B_A,hurricane,414,1932,4554,3450,4830,2898
o0B879xmvJ8,hurricane,3540,1770,118,4012,1062,2478
p68kp2NQGqM,hurricane,4031,695,2363,2224,4448,4865
PL1lxO1s1mM,hurricane,390,270,630,930,810,360
ppgP-5gm4ZM,hurricane,3465,1260,2310,525,3150,2415
pVvi73ADw8w,hurricane,2240,320,832,1856,1536,1280
PxGodhPKz1U,hurricane,644,276,3312,1380,2300,1840
qLsaaTJQ7wM,hurricane,345,621,805,184,506,69
qLXOUe1Qh5E,hurricane,2244,374,6732,5984,3553,2805
qOD39ZLehXo,hurricane,1840,560,160,1600,0,2800
qr3SQ9S-Dx0,hurricane,35,154,14,217,84,105
R-bKstRhzCU,hurricane,2500,1300,1500,100,1100,700
rDak79MROnY,hurricane,2184,1260,2856,924,588,1680
Rv08_dzb_Xw,hurricane,6720,4416,2688,5952,2880,5376
sM4bPvp6cuQ,hurricane,244,2074,3416,1830,1098,4270
Sp3hAmrco1c,hurricane,1472,2176,1024,576,1280,896
T-jEj8Bh5Kc,hurricane,1596,2204,912,2660,228,0
TAJ8XdvwzNo,hurricane,966,2001,690,69,207,483
tM9zUX5V03U,hurricane,1650,900,1875,1425,2550,225
Tq2RiYy5XU0,hurricane,320,40,210,120,300,0
txQqN12W3is,hurricane,600,1050,350,1250,250,1550
ud_tcax-bUg,hurricane,280,104,32,168,216,48
uFsumimqTLg,hurricane,810,1485,1890,0,135,1755
UHhsvETzQ9w,hurricane,4176,2262,5916,6090,1566,1914
UjVUQW2mv0M,hurricane,868,140,252,756,980,364
VdH_87rvJH8,hurricane,735,1078,784,1372,1568,1666
vDk-EjjaMSk,hurricane,297,3465,2574,1980,693,1089
VDucOJnrbDc,hurricane,123,369,2829,3321,1353,738
vIxPVw4UVYI,hurricane,1876,2948,3350,4690,804,4154
VLG_cExXa7k,hurricane,2400,675,300,1275,0,1875
VNGe-RrPuBw,hurricane,2124,4071,2832,3894,5310,0
xg7TXPAq4-w,hurricane,5110,3650,4818,1898,2920,292
XkCkaZeFb-M,hurricane,800,1800,1100,3400,300,1600
y-gYCZkdcTs,hurricane,2725,1962,981,2834,3597,1199
YjJ7HNIepsY,hurricane,378,2457,6615,3402,1512,5481
YOxkuKTUiV0,hurricane,1200,600,2280,3480,4080,2640
yPR6Dls2rGI,hurricane,3900,3000,1650,2250,750,2400
z8zkOv9cYwo,hurricane,2700,4860,1260,5940,360,3960
Zdz1AHnf4V8,hurricane,465,837,1302,2883,1767,93
ZKcdsCpkb00,hurricane,4872,3480,2958,870,1392,5742
Zl2W4QZWghw,hurricane,3399,927,1339,103,1648,1957
zNFnVIlE6cA,hurricane,310,3565,5270,4650,1395,155
zP4rgvu4xDE,hurricane,2698,1420,710,3550,2130,0
ZW9-a8fvpR4,hurricane,625,125,850,375,550,225
zZMAmxP5cgs,hurricane,4114,2431,6545,1309,0,3179
_-UXioKme7w,hurricane,1386,1694,616,308,2079,2387
_kIUnpg9N68,hurricane,198,2970,1386,3564,1980,693
"""-JWG43D66qI""",soccer,1305,3335,435,4495,3915,4930
"""-SczUsBZMmA""",soccer,326,2282,163,0,4075,3423
0d2nqkXgpCs,soccer,418,114,19,551,171,304
0K8nI8R9lgY,soccer,280,0,680,400,160,460
1JVVbqu5FK4,soccer,336,216,264,96,396,12
2a2rRggz_-M,soccer,4875,390,6630,5460,1560,0
2crwBKPnhvU,soccer,2114,4530,0,5436,2869,4832
3-xVglD_dkk,soccer,160,1760,1200,0,480,2720
348U4U769xU,soccer,1812,3473,755,151,2114,1359
4QZwRxDM108,soccer,3332,1862,2254,2058,0,1470
66yQAXNt7dg,soccer,1875,3750,4250,2375,0,1750
6ELmH0_u764,soccer,546,364,182,26,832,754
6Hg1tgjBdz0,soccer,308,84,0,336,252,728
76x2I_zqf68,soccer,342,18,54,558,612,324
7OQMZ0sBDrA,soccer,3168,3872,5984,176,1056,1760
85PbjU3nLnY,soccer,2214,2583,3567,1230,4059,492
8PW8caVfFiM,soccer,408,306,3264,3468,0,1428
A3lLy8jfHpA,soccer,1221,2775,111,3885,2997,555
am8tDReWJ4o,soccer,5688,4898,2212,4108,2370,5056
aMKpRy_R_18,soccer,2852,1840,3128,460,2576,920
aSnGxTxJ5SQ,soccer,1158,6755,386,2123,3667,6369
beug1nNwOHo,soccer,324,72,216,396,522,18
bgQIP92XQiw,soccer,495,15,150,270,405,300
BphoULJ7djc,soccer,2781,2163,3502,2060,3090,206
BstmWzNS4Es,soccer,2214,4305,2829,1599,3075,738
bVSVbS9VS70,soccer,504,5880,3192,3024,3528,4200
cBmQ2ScBJxU,soccer,1920,1760,4800,4320,5600,2240
cCn6VMmQXxA,soccer,4920,5904,1640,5248,1968,492
ceq7M0Bh0n0,soccer,2520,3360,735,1890,3675,105
CR8e3PnokyQ,soccer,2340,6825,5265,1950,1365,1170
ddyeW9wEQ-0,soccer,2641,2919,278,3892,3336,3058
DVN155XxJ-A,soccer,314,3297,4867,2198,1413,2512
EOyraNxatrM,soccer,3744,1296,1152,576,2304,0
FoNlZ7AF5Fo,soccer,1786,3290,376,2914,1316,2162
FtD4O_nq20g,soccer,836,1064,304,2508,0,988
gmk1iStpovo,soccer,2052,3672,1080,1296,2592,1836
GZx8Qfxyroc,soccer,3668,1965,1179,1048,4585,3013
h0MtIZESAj0,soccer,164,2132,1640,984,1312,1476
HDP3XYlv404,soccer,4325,5536,6055,1730,519,0
hgVz0EMVMiI,soccer,24,264,396,108,144,336
hJne_N0UUCo,soccer,3400,1224,4896,136,3128,2448
HnHatjXLBY8,soccer,2856,4165,119,3332,1309,714
IkHZ1GUDPUw,soccer,3382,0,4984,2492,5340,3738
IPucEMamfIA,soccer,1194,199,5970,6368,2388,1393
JDaNk8YlOnM,soccer,2280,2760,3120,120,0,4200
jnJspO-qZMA,soccer,1140,475,285,1235,3325,2090
jNluxPw2c_4,soccer,165,1320,1925,825,275,1650
JZ2zOjZbZC8,soccer,5115,4495,3875,1240,2790,4805
JZvuBExHFog,soccer,540,3915,1080,2835,4590,0
KKKgmWlJzKs,soccer,1880,1034,1410,0,1692,1598
kYrcCxDskq4,soccer,1188,1716,198,0,2310,1650
l1LXzaKI4Lw,soccer,833,1225,1029,735,1617,1372
m3uFohhtyRw,soccer,0,5160,5332,3612,6020,4988
M6wN8Qbci2Y,soccer,285,323,570,38,209,665
mBUBEDIXUtA,soccer,492,2829,4305,3321,1230,984
mGTD5FYmkNo,soccer,3968,4340,1860,2480,2232,4464
MYGxKXLMxx8,soccer,608,1748,988,2508,1064,1520
MzppLV2q8NE,soccer,2736,855,0,4446,2907,5643
nB4WrPFhtns,soccer,4988,0,5332,172,6020,2924
nhcrVOcd0cY,soccer,1140,627,912,1995,342,741
nNvamtbFPhg,soccer,2800,0,560,4200,1680,2660
oSoAfMDcSNk,soccer,1100,50,1750,950,350,600
oy1q7ppDiUI,soccer,5130,950,3610,190,2280,6650
p9-o7CDfG-Q,soccer,3726,1458,972,0,486,5508
pSZZT2nMaOA,soccer,1955,2185,115,1265,2415,805
q2A4H183vdw,soccer,3406,2620,3668,2227,3799,1310
qgrtU9w1CoU,soccer,1936,528,1144,3080,2816,440
r-OxfM_ceRs,soccer,2607,869,1501,158,2054,2370
RIfIM_yDZ0Q,soccer,3302,4445,2032,127,889,2794
Roinwzo0mqs,soccer,132,24,240,204,384,312
S3B7Bvidrjo,soccer,1364,4464,496,124,1860,3596
SaXz4BOLPYA,soccer,1530,0,2070,990,3060,1710
sTBP1v9wUHM,soccer,3519,4284,5202,4743,4437,2295
sv4Mx9bgU8o,soccer,3528,392,1960,2744,6468,0
sVUWbYqjf1U,soccer,4296,4475,2148,179,6086,1253
TRb2RNOWTvs,soccer,2496,1248,1014,1404,2262,1092
TyXU8tr9EOQ,soccer,1088,1156,204,578,34,306
tZny1liv_JU,soccer,646,850,136,272,0,1190
udCrGeDDG2A,soccer,220,1650,550,440,3190,3740
UO-TAUCv_BI,soccer,752,940,564,188,5076,2632
uQ1Xuzjn20A,soccer,40,250,150,290,100,180
USBTTywD75Q,soccer,480,144,1392,576,384,1488
UuANwYrCSr4,soccer,4250,1375,3000,2125,250,375
v1dQzH_ecDA,soccer,3381,2646,2058,4998,3087,1470
v5RIb8PaKk4,soccer,1890,1755,4455,2700,1080,270
V6lafjQWrXI,soccer,2700,1200,2000,1800,300,1500
Vje8Fp3yQFM,soccer,3024,324,3456,2160,1512,0
W4ljq-R0_TA,soccer,1782,3888,1296,5184,2916,648
WcAtSdtu2Wk,soccer,376,5828,1316,1128,0,6580
wfKcj5BoNMQ,soccer,2295,4437,3519,4590,306,5355
Xd51GWUmglc,soccer,810,360,1620,0,450,1035
XE61FKk_vTY,soccer,437,644,23,207,575,483
Xo6Efb-UPsY,soccer,0,2340,6630,2730,5655,4875
Y2qFzPr0W7M,soccer,336,1428,1260,546,1050,840
Yt0-HeAwzpM,soccer,3204,5874,4806,890,2314,2848
yTFHNymAhBY,soccer,84,588,1428,966,1092,882
YVj3hTJLpVE,soccer,714,1260,84,1008,1386,882
z3meV3ShdOg,soccer,576,648,2376,360,144,1872
zgPgiK1UaRI,soccer,3692,4260,4544,4828,1136,994
_BEDpgRbZqc,soccer,0,4475,3580,5907,2148,895
"""-NqiUagqnlM""",tennis,200,620,400,700,80,260
1d_y5aQMCbU,tennis,2324,747,1494,996,581,1992
1wmOP5uI0gk,tennis,3776,354,2714,4012,944,236
2AI-KbqB5lQ,tennis,1764,686,588,3430,2254,0
2CPGnCFvGw0,tennis,5700,2090,950,0,3800,2850
2TMxJ_6x574,tennis,2265,906,5285,1510,2718,4530
3g0jOPOnBuU,tennis,3401,716,2327,4654,6086,6265
3kKCYEqlG7Y,tennis,5049,6545,2805,5984,5797,6171
3VENdCtc-4g,tennis,1936,3993,4235,2178,2662,1573
3x9VpXarTYw,tennis,6965,5572,1990,4577,2587,199
44ETB1Igoso,tennis,126,2772,1386,4284,3780,4410
4AjGwfzAGH0,tennis,1596,4522,4655,2926,3192,4389
5BpssbRLwxI,tennis,92,828,3128,2668,2944,2484
6RhmKZQtaKE,tennis,3102,0,141,1269,2256,4794
6VbT8ZUyLzk,tennis,814,2442,2368,1110,1850,296
8EaRqsGunLI,tennis,1515,606,3535,3333,1919,2424
9a2Eg9n3j4M,tennis,1413,4082,2355,5024,4867,5495
9MxnbPL10vg,tennis,552,368,2208,644,2116,2668
avz0uXp--hk,tennis,2380,5270,1020,4760,4080,1360
AXyBc08Nnv4,tennis,3781,5174,2786,7164,2985,1791
bIo17L6pClE,tennis,250,2750,4500,1375,0,3750
bioLFcExS-U,tennis,3944,1044,3480,1972,2900,116
buh1mS_Q_vA,tennis,212,2120,3392,2332,3180,3498
CmtZC0Q9Cas,tennis,180,500,480,520,580,340
CpVTwmuem_8,tennis,372,1240,1736,3348,2480,3596
CXtO77_YZ1Q,tennis,2754,1989,3366,5202,0,4896
d8Gs0IOWprY,tennis,1260,2625,1890,420,210,3675
DmlDGhlpzWE,tennis,0,800,4960,2240,2880,960
EJN73bPjXDI,tennis,369,1025,1394,533,0,861
ek5jyTnksFs,tennis,1296,2808,3240,3024,108,3888
fJwQwfoZcCU,tennis,1846,1278,568,4970,4828,4544
FYAnOAjPhiE,tennis,3600,1296,5040,2304,144,3312
Ga8YYMbVCcA,tennis,1938,1122,3366,3672,2856,0
gKSWy0tL-Ic,tennis,3384,4794,2961,2256,3666,4653
HC1adneDsQ4,tennis,1704,1420,2982,1136,4544,4970
iGfEC8E4eXs,tennis,3507,4342,167,4676,1837,1002
ikvxGNv4UYo,tennis,2132,2624,984,1640,5084,5740
Ivlo-ceGeJE,tennis,2772,2574,6336,6534,1188,6930
jUEOxb8tL6M,tennis,1197,228,1995,1539,57,798
Jz9jIY1rLz0,tennis,625,875,4500,4125,2000,1875
KHWfRSHKqpg,tennis,954,265,1802,1166,1378,0
l5pfOjqY_ak,tennis,217,899,806,1023,341,31
l6wNZ2Yf0eA,tennis,2652,780,2340,3588,5616,5304
Lcg9m3W8Tdg,tennis,4590,1485,405,945,3915,4725
LNd1_FcrKiE,tennis,4352,1664,2176,256,0,128
LsUCNsAWalU,tennis,1410,1645,940,329,141,705
MGYHIpwDOug,tennis,1169,1837,2839,5678,835,668
MIU4IFeJGi0,tennis,1876,536,4020,4422,4154,2144
Mjz8dA24yoo,tennis,0,3720,5270,5425,3100,2480
mnS5Bslmphw,tennis,1612,2604,992,4216,3844,3968
Mv0_316AeqQ,tennis,679,1843,3007,3201,2231,3298
MyQxG7Vdh3Q,tennis,83,2573,2905,1909,1079,2407
nBJN2sSXh7M,tennis,1320,1815,5940,990,5445,4620
nYRpSg0r5h0,tennis,4728,7092,6107,1970,3743,4925
oa5sQ83aJZY,tennis,490,945,1085,1190,875,700
oCxufxZi7kQ,tennis,944,118,0,1062,2065,1829
oyxhHkOel2I,tennis,1296,2808,3348,3024,2376,1512
P1gF9EXSTAA,tennis,899,589,434,0,1023,1116
PTjAg0sewGc,tennis,6766,2786,3582,6965,6567,398
PZUsQL7uxPg,tennis,4239,4710,4082,3611,4867,471
Q47Qp0FTIqY,tennis,4321,5066,3576,894,149,4768
Qac-jTf_PZk,tennis,168,5880,4872,5544,5376,2856
qoEs08D3St4,tennis,2640,240,640,2800,1360,560
QvjEeIuqfnM,tennis,351,468,429,130,52,403
R3Z-lJvLjW8,tennis,1507,3014,3562,0,4521,4247
rbzx4-ZoUOY,tennis,768,600,552,456,312,360
rDUzH76oT5Y,tennis,5474,1771,4508,644,2576,4991
rdzlA6LTTEY,tennis,1900,6460,3230,380,6650,3610
rFdWisN-6iY,tennis,924,2926,3850,5544,4004,4774
rLDm254jtZA,tennis,1365,3465,0,3780,3045,3360
RqlIz-RUBhs,tennis,3120,3640,1144,1872,1352,3328
Rrfk9X5OnXs,tennis,4608,3600,3024,2160,1872,4896
RV1UB2LZfyk,tennis,1598,987,1128,1269,1504,423
s0_waX1ecVg,tennis,847,1573,605,121,1331,2783
SgjsWAeVk68,tennis,2992,5984,4576,4224,2112,1056
sMbHvDRRSls,tennis,522,957,1566,1827,2871,87
sTVroJHH55g,tennis,2982,4544,3834,426,568,1278
sxJ4Z56mglM,tennis,1771,0,2737,1932,161,4508
TAcMGUhFmn4,tennis,3002,4108,3950,3476,0,4740
U-09tma6eVE,tennis,4100,5576,1148,4756,1476,3608
ub7OXSXxCQg,tennis,1862,1764,1960,3528,3332,1078
uPEHx9xhRvA,tennis,2533,3725,1937,2384,4321,298
UxYDI_6pTaE,tennis,4512,1974,1692,4935,987,282
VFM8jkvJHDg,tennis,546,6006,2366,6370,0,3458
VprPmQRK_Cc,tennis,1815,1331,3146,363,1089,3509
vST6R_W9BEk,tennis,1224,3213,0,5202,2601,4743
WDHAgRyuzPQ,tennis,3948,2820,4935,2679,4794,564
WJseH_HrC7o,tennis,2227,4454,3406,786,2882,1703
WQ3vV9R8e0g,tennis,4185,2430,405,3240,4590,4860
WU7GDYxpj9s,tennis,564,1504,6204,1880,6580,376
X2K7gQq_bOo,tennis,2567,5285,4379,4983,151,906
xI_o4ViwtaI,tennis,4795,3014,4521,1370,0,137
XQzFY-ieCcI,tennis,1513,178,1068,1424,2937,267
XYIj5ncdqkk,tennis,1701,6615,2835,5292,3402,0
y5J9HFHNxFs,tennis,414,552,4830,3726,4278,4140
y87PL3ZoEbo,tennis,5100,1360,5950,850,1020,4760
Yf8IW4hXW0M,tennis,1008,2880,2448,0,4752,144
zK8xa4eYhG8,tennis,4805,3720,3100,3255,5425,3565
zoQZu91Hru8,tennis,4653,2256,3102,4794,0,1551
zxF08Kyub-E,tennis,598,184,828,414,1564,736
"""-Avp7B6LrJE""",tsunami,969,1425,342,1881,684,1197
0rTi939ynWk,tsunami,672,224,2128,1232,3920,3360
0uggs-33DwU,tsunami,2175,1740,580,4350,1160,3190
0wYiNnHEGyY,tsunami,2325,2046,465,2976,930,0
0W_fRaIRVRU,tsunami,1469,2938,2147,339,1695,565
16bAhJSL2-o,tsunami,2730,2275,1729,1456,1001,91
1Su05ttEFug,tsunami,1428,756,42,1218,924,168
1YnsIZv6Hc8,tsunami,5481,3591,6048,2457,4158,3213
1zQdiG_wboE,tsunami,2040,2550,1360,85,680,2805
33KSiZkL2Ck,tsunami,1264,1580,79,632,2528,1501
3618dZoiaPE,tsunami,3844,248,1984,3472,2976,2232
3HjKu_2GWrQ,tsunami,216,378,594,54,162,702
4d27-Ob3mCY,tsunami,56,252,672,840,1008,924
572myXhqNI8,tsunami,2925,390,1170,2145,3705,5460
5z_rOO9uit4,tsunami,0,2380,255,2210,1360,1870
6Flzb9dhE5Y,tsunami,834,417,2363,3614,3892,4448
6FvJ62qvLBY,tsunami,572,88,1364,0,1320,220
6PT9h2DVHdY,tsunami,213,1917,0,497,1136,1420
6thDrGzn3fQ,tsunami,2058,2793,441,294,4410,1323
77AUbaqIprw,tsunami,2262,957,2001,1740,2958,1479
7awgDekObHc,tsunami,2345,134,1876,1072,1474,1273
8DcD-aHkVdc,tsunami,471,4396,5495,3297,5024,1727
8zoX9H6xiPo,tsunami,384,1056,1728,2880,0,2208
90mpqXL2cpg,tsunami,2373,1356,3051,1695,0,3842
9izHw9IT9Nc,tsunami,1440,816,528,48,240,384
9lMXcYZP19c,tsunami,576,192,288,72,384,768
a0daUcIY-3s,tsunami,4785,2175,3770,435,0,725
AlLzK07dNvc,tsunami,1507,3699,4521,959,3151,1918
APVD7xDLrUg,tsunami,1890,735,945,2415,2730,3150
awjxwVIkvMo,tsunami,639,2059,142,1207,2414,2343
b567df8-EYo,tsunami,3300,500,3500,2200,900,2700
bCMCM5i7aGE,tsunami,4917,1937,1639,4321,3576,2682
BgTW9PUoR6Y,tsunami,2224,3058,3753,0,278,1390
Bj1uQ4M1gYs,tsunami,316,1580,5056,4424,5688,3002
dpYttpLp--8,tsunami,660,880,1144,264,88,528
DrG4q7Sn9yE,tsunami,588,2842,882,1862,686,3332
dUGBtp7jHKc,tsunami,1617,0,5292,1764,588,4851
ea-S87dRpLw,tsunami,1518,1288,230,966,736,506
eQyAESpixF8,tsunami,903,430,860,516,688,1333
eUdGfplrbKU,tsunami,2414,2982,1278,4970,568,2698
eYjXY9h9AEw,tsunami,441,2205,2646,1470,5145,4263
f1sGev-9fU0,tsunami,1575,1170,1035,585,1395,45
FaIpdTlpDJ4,tsunami,56,448,644,896,308,224
foxww-tMoNg,tsunami,4654,1432,537,2506,3401,2685
gEXP5SNwMrE,tsunami,1357,1770,118,59,885,236
gJ-PAICEFvM,tsunami,1380,759,2346,1794,2070,0
GmjAp2eRDH0,tsunami,2376,1944,2700,3564,1296,3780
GYdg6CoRfQg,tsunami,1674,2883,3162,558,2232,2511
gzBxIdHx_KY,tsunami,1705,495,1980,935,1485,1100
H5Fwzk8WN6E,tsunami,2160,900,5400,4320,2700,6300
hIAVwQM-yR4,tsunami,824,1854,927,2472,3090,3296
HkTlk0mLvyQ,tsunami,1680,3720,480,600,2520,2160
IdlLfwQ5Vr0,tsunami,1020,2244,0,306,510,3162
IFzXB2dKgcU,tsunami,2754,324,2673,2511,2430,1782
jkTXgAKHOE0,tsunami,980,364,140,560,812,756
KB-TO5kq5Aw,tsunami,949,1606,2482,438,2190,146
lNozvsH27sI,tsunami,1550,550,1700,0,150,800
LUMy224XnPA,tsunami,2864,4296,6086,179,1074,3759
M9NDajSjVdU,tsunami,3904,3294,610,3782,976,2684
MLAs4yOAlTE,tsunami,537,5370,1074,6444,1969,3401
N2_V418Ncp8,tsunami,1232,539,1001,77,2156,1925
N90TzPjZt_A,tsunami,306,54,450,594,378,108
NiKR8hXDw3M,tsunami,3450,1950,4800,3150,2250,750
nJ3IgHQuCBM,tsunami,1421,735,1078,1568,0,1225
n_lwAii93Qc,tsunami,2052,1080,2484,3780,324,3240
oqeb2GnBKrU,tsunami,1694,1232,2310,1001,1848,616
oSVD8X5fsIo,tsunami,400,200,1050,1350,1700,650
oWzdgBNfhQU,tsunami,2685,1611,4833,4117,537,3222
P0dnxANpA88,tsunami,3836,1507,411,4110,3288,2740
phl8GlvKZL0,tsunami,294,84,140,462,378,490
POqGuI-pd7g,tsunami,924,1848,154,2618,2387,1540
POtvED-A0Ms,tsunami,1292,68,476,2244,1088,884
prR2jnx8SBg,tsunami,129,1247,1333,688,989,0
QB4Np3sMtwg,tsunami,540,216,1188,3132,2052,2592
qIK3em-9Cjs,tsunami,1768,624,1560,2080,2392,832
rDShaxRlJ7s,tsunami,720,1560,240,2760,2160,4080
rT7qZ-3Gx1I,tsunami,364,780,676,546,884,572
rYt0vPCJ750,tsunami,902,1640,82,2706,2214,1558
So-Ylb-qmOc,tsunami,624,1040,2808,2288,2080,2600
sQn1wJhM8ps,tsunami,875,250,1750,1500,3875,2500
TjzVb-ICej4,tsunami,2261,3059,266,665,4123,2926
tnpwAT2LicQ,tsunami,1860,2232,3844,3472,2852,248
tvOlrgXLFfA,tsunami,1122,396,924,33,792,891
udAbCBQIWtk,tsunami,3844,3596,2728,4340,1736,620
uQpWV02jJ9k,tsunami,1232,1960,168,560,392,952
VNtsVP42bOE,tsunami,800,1900,3500,2500,3300,3000
wBt5VlZkdyY,tsunami,1360,840,200,640,80,280
wlVwujuOeMA,tsunami,870,377,145,957,667,580
WOQdkBys5bk,tsunami,324,5670,3888,3726,1458,5022
wwymuFsrb2g,tsunami,3332,196,5684,4900,1176,6664
xt_HNFI4ckY,tsunami,873,1358,2813,2231,0,1843
yIYG5GctqCQ,tsunami,980,490,882,2352,1372,1960
Z-WSedqa5zA,tsunami,762,1778,1524,3429,2540,3810
z0UuwzCQPe0,tsunami,3586,163,3912,4564,3260,2119
ZKOsnUbPIpg,tsunami,3432,2600,1664,416,2496,2288
ZngzR7Qd2O0,tsunami,1240,1116,2108,868,1860,248
zSqxaKklO_A,tsunami,69,437,667,575,299,805
_1WeKQdj_is,tsunami,1416,2832,4012,4130,3422,590
_4uLDTXVeL4,tsunami,2970,0,4860,2025,4050,2430
_oPb_9gOdn4,tsunami,1485,4320,1755,3105,945,4725
